"id","zip_code","name_th","name_en","amphure_id"
100101,10200,"พระบรมมหาราชวัง","Phra Borom Maha Ratchawang",1
100102,10200,"วังบูรพาภิรมย์","Wang Burapha Phirom",1
100103,10200,"วัดราชบพิธ","Wat Ratchabophit",1
100104,10200,"สำราญราษฎร์","Samran Rat",1
100105,10200,"ศาลเจ้าพ่อเสือ","San Chao Pho Suea",1
100106,10200,"เสาชิงช้า","Sao Chingcha",1
100107,10200,"บวรนิเวศ","Bowon Niwet",1
100108,10200,"ตลาดยอด","Talat Yot",1
100109,10200,"ชนะสงคราม","Chana Songkhram",1
100110,10200,"บ้านพานถม","Ban Phan Thom",1
100111,10200,"บางขุนพรหม","Bang Khun Phrom",1
100112,10200,"วัดสามพระยา","Wat Sam Phraya",1
100201,10300,"ดุสิต","Dusit",2
100202,10300,"วชิรพยาบาล","Wachiraphayaban",2
100203,10300,"สวนจิตรลดา","Suan Chit Lada",2
100204,10300,"สี่แยกมหานาค","Si Yaek Maha Nak",2
100205,0,"*บางซื่อ","*Bang Sue",2
100206,10300,"ถนนนครไชยศรี","Thanon Nakhon Chai Si",2
100299,0,"*สามเสนใน","*Sam Sen Nai",2
100301,10530,"กระทุ่มราย","Krathum Rai",3
100302,10530,"หนองจอก","Nong Chok",3
100303,10530,"คลองสิบ","Khlong Sip",3
100304,10530,"คลองสิบสอง","Khlong Sip Song",3
100305,10530,"โคกแฝด","Khok Faet",3
100306,10530,"คู้ฝั่งเหนือ","Khu Fang Nuea",3
100307,10530,"ลำผักชี","Lam Phak Chi",3
100308,10530,"ลำต้อยติ่ง","Lam Toiting",3
100401,10500,"มหาพฤฒาราม","Maha Phruettharam",4
100402,10500,"สีลม","Si Lom",4
100403,10500,"สุริยวงศ์","Suriyawong",4
100404,10500,"บางรัก","Bang Rak",4
100405,10500,"สี่พระยา","Si Phraya",4
100501,0,"*ลาดยาว","*Lad Yao",5
100502,10220,"อนุสาวรีย์","Anusawari",5
100503,0,"คลองถนน*","Khlong Thanon*",5
100504,0,"*ตลาดบางเขน","*Talad Bang Khen",5
100505,0,"*สีกัน","*See Kan",5
100506,0,"สายไหม*","Sai Mai*",5
100507,0,"*ทุ่งสองห้อง","*Thung Song Hong",5
100508,10220,"ท่าแร้ง","Tha Raeng",5
100509,0,"ออเงิน*","Or Ngern*",5
100599,0,"*บางเขน","*Bang Khen",5
100601,10240,"คลองจั่น","Khlong Chan",6
100602,0,"วังทองหลาง*","Wang Thong Lang*",6
100603,0,"*ลาดพร้าว","*Lad Prao",6
100604,0,"*คลองกุ่ม","*Klong Khum",6
100605,0,"*สะพานสูง","*Saphan Sung",6
100606,0,"*คันนายาว","*Khan Na Yao",6
100607,0,"*จรเข้บัว","*Chorakhe Bua",6
100608,10240,"หัวหมาก","Hua Mak",6
100701,10330,"รองเมือง","Rong Mueang",7
100702,10330,"วังใหม่","Wang Mai",7
100703,10330,"ปทุมวัน","Pathum Wan",7
100704,10330,"ลุมพินี","Lumphini",7
100801,10100,"ป้อมปราบ","Pom Prap",8
100802,10100,"วัดเทพศิรินทร์","Wat Thep Sirin",8
100803,10100,"คลองมหานาค","Khlong Maha Nak",8
100804,10100,"บ้านบาตร","Ban Bat",8
100805,10100,"วัดโสมนัส","Wat Sommanat",8
100899,0,"*นางเลิ้ง","*Nang Lerng",8
100901,0,"*คลองเตย","*Khlong Toei",9
100902,0,"*คลองตัน","*Khlong Ton",9
100903,0,"*พระโขนง","*Phra Kha Nong",9
100904,0,"บางนา*","Ban Na*",9
100905,10260,"บางจาก","Bang Chak",9
100906,0,"*สวนหลวง","*Suan Luang",9
100907,0,"*หนองบอน","*Nong Bon",9
100908,0,"*ประเวศ","*Prawet",9
100909,0,"*ดอกไม้","*Dok Mai",9
100997,0,"*พระโขนง","*Phra Kha Nong",9
100998,0,"*คลองตัน","*Khlong Ton",9
100999,0,"*คลองเตย","*Khlong Toei",9
101001,10510,"มีนบุรี","Min Buri",10
101002,10510,"แสนแสบ","Saen Saep",10
101003,0,"บางชัน*","Bang Chan*",10
101004,0,"ทรายกองดิน*","Sai Kong Din*",10
101005,0,"ทรายกองดินใต้*","Sai Kong Din Tai*",10
101006,0,"สามวาตะวันออก*","Sam Wa Ta Wan Ook*",10
101007,0,"สามวาตะวันตก*","Sam Wa Ta Wan Tok*",10
101101,10520,"ลาดกระบัง","Lat Krabang",11
101102,10520,"คลองสองต้นนุ่น","Khlong Song Ton Nun",11
101103,10520,"คลองสามประเวศ","Khlong Sam Prawet",11
101104,10520,"ลำปลาทิว","Lam Pla Thio",11
101105,10520,"ทับยาว","Thap Yao",11
101106,10520,"ขุมทอง","Khum Thong",11
101201,0,"*ทุ่งวัดดอน","*Thung Wat Don",12
101202,0,"*ยานนาวา","*Yan Nawa",12
101203,10120,"ช่องนนทรี","Chong Nonsi",12
101204,10120,"บางโพงพาง","Bang Phongphang",12
101205,0,"*วัดพระยาไกร","*Pra Ya Krai",12
101206,0,"*บางโคล่","*Bang Khlo",12
101207,0,"*บางคอแหลม","*Bang Kho Laem",12
101208,0,"*ทุ่งมหาเมฆ","*Tung Ma Ha Mek",12
101298,0,"*บางโคล่","*Bang Khlo",12
101299,0,"*บางคอแหลม","*Bang Kho Laem",12
101301,10100,"จักรวรรดิ","Chakkrawat",13
101302,10100,"สัมพันธวงศ์","Samphanthawong",13
101303,10100,"ตลาดน้อย","Talat Noi",13
101401,10400,"สามเสนใน","Samsen Nai",14
101402,0,"*ถนนเพชรบุรี","*Thanon Phetchaburi",14
101403,0,"*ทุ่งพญาไท","*Thung Phaya Thai",14
101404,0,"*มักกะสัน","*Makkasan",14
101405,0,"*ถนนพญาไท","*Thanon Phaya Thai",14
101499,0,"*ทุ่งพญาไท","*Thung Phaya Thai",14
101501,10600,"วัดกัลยาณ์","Wat Kanlaya",15
101502,10600,"หิรัญรูจี","Hiran Ruchi",15
101503,10600,"บางยี่เรือ","Bang Yi Ruea",15
101504,10600,"บุคคโล","Bukkhalo",15
101505,10600,"ตลาดพลู","Talat Phlu",15
101506,10600,"ดาวคะนอง","Dao Khanong",15
101507,10600,"สำเหร่","Samre",15
101599,0,"*คลองสาน","*Klong Sarn",15
101601,10600,"วัดอรุณ","Wat Arun",16
101602,10600,"วัดท่าพระ","Wat Tha Phra",16
101701,10310,"ห้วยขวาง","Huai Khwang",17
101702,10310,"บางกะปิ","Bang Kapi",17
101703,0,"*ดินแดง","*Din Dang",17
101704,10310,"สามเสนนอก","Samsen Nok",17
101801,10600,"สมเด็จเจ้าพระยา","Somdet Chao Phraya",18
101802,10600,"คลองสาน","Khlong San",18
101803,10600,"บางลำภูล่าง","Bang Lamphu Lang",18
101804,10600,"คลองต้นไทร","Khlong Ton Sai",18
101901,10170,"คลองชักพระ","Khlong Chak Phra",19
101902,10170,"ตลิ่งชัน","Taling Chan",19
101903,10170,"ฉิมพลี","Chimphli",19
101904,10170,"บางพรม","Bang Phrom",19
101905,10170,"บางระมาด","Bang Ramat",19
101906,0,"ทวีวัฒนา*","Thawi Watthana*",19
101907,10170,"บางเชือกหนัง","Bang Chueak Nang",19
101908,0,"ศาลาธรรมสพน์*","Sala Thammasop*",19
102001,0,"*บางพลัด","*Bang Phlat",20
102002,0,"*บางบำหรุ","*Bang Bumru",20
102003,0,"*บางอ้อ","*Bang Aor",20
102004,10700,"ศิริราช","Siri Rat",20
102005,10700,"บ้านช่างหล่อ","Ban Chang Lo",20
102006,10700,"บางขุนนนท์","Bang Khun Non",20
102007,10700,"บางขุนศรี","Bang Khun Si",20
102008,0,"*บางยี่ขัน","*Bang Yikhan",20
102009,10700,"อรุณอมรินทร์","Arun Ammarin",20
102097,0,"*บางยี่ขัน","*Bang Yikhan",20
102098,0,"*บางบำหรุ","*Bang Bumru",20
102099,0,"*บางอ้อ","*Bang Aor",20
102101,0,"*บางค้อ","*Bang Kho",21
102102,0,"*จอมทอง","*Chom Thong",21
102103,0,"*บางขุนเทียน","*Bang Khun Thian",21
102104,0,"บางบอน*","Bang Bon*",21
102105,10150,"ท่าข้าม","Tha Kham",21
102106,0,"*บางมด","*Bang Mod",21
102107,10150,"แสมดำ","Samae Dam",21
102201,10160,"บางหว้า","Bang Wa",22
102202,10160,"บางด้วน","Bang Duan",22
102203,10160,"บางแค","Bang Kae",22
102204,10160,"บางแคเหนือ","Bang Kae Nua",22
102205,10160,"บางไผ่","Bang Phai",22
102206,10160,"บางจาก","Bang Chak",22
102207,10160,"บางแวก","Bang Waek",22
102208,10160,"คลองขวาง","Khlong Khwang",22
102209,10160,"ปากคลองภาษีเจริญ","Pak Khlong Phasi Charoen",22
102210,10160,"คูหาสวรรค์","Khuha Sawan",22
102301,0,"หลักสอง*","Lak Song*",23
102302,10160,"หนองแขม","Nong Khaem",23
102303,10160,"หนองค้างพลู","Nong Khang Phlu",23
102401,10140,"ราษฎร์บูรณะ","Rat Burana",24
102402,10140,"บางปะกอก","Bang Pakok",24
102403,10140,"บางมด*","Bang Mod*",24
102404,10140,"ทุ่งครุ*","Thung Khru*",24
102501,10700,"บางพลัด","Bang Phlat",25
102502,10700,"บางอ้อ","Bang O",25
102503,10700,"บางบำหรุ","Bang Bamru",25
102504,10700,"บางยี่ขัน","Bang Yi Khan",25
102601,10400,"ดินแดง","Din Daeng",26
102701,10240,"คลองกุ่ม","Khlong Kum",27
102702,10240,"สะพานสูง","Saphan Sung",27
102703,10240,"คันนายาว","Khan Na Yao",27
102801,10120,"ทุ่งวัดดอน","Thung Wat Don",28
102802,10120,"ยานนาวา","Yan Nawa",28
102803,10120,"ทุ่งมหาเมฆ","Thung Maha Mek",28
102901,10800,"บางซื่อ","Bang Sue",29
103001,10900,"ลาดยาว","Lat Yao",30
103002,10900,"เสนานิคม","Sena Nikhom",30
103003,10900,"จันทรเกษม","Chan Kasem",30
103004,10900,"จอมพล","Chom Phon",30
103005,10900,"จตุจักร","Chatuchak",30
103101,10120,"บางคอแหลม","Bang Kho Laem",31
103102,10120,"วัดพระยาไกร","Wat Phraya Krai",31
103103,10120,"บางโคล่","Bang Khlo",31
103201,10250,"ประเวศ","Prawet",32
103202,10250,"หนองบอน","Nong Bon",32
103203,10250,"ดอกไม้","Dokmai",32
103204,10250,"สวนหลวง","Suan Luang",32
103301,10110,"คลองเตย","Khlong Toei",33
103302,10110,"คลองตัน","Khlong Tan",33
103303,10110,"พระโขนง","Phra Khanong",33
103304,10110,"คลองเตยเหนือ","Khlong Toei Nua",33
103305,10110,"คลองตันเหนือ","Khlong Tan Nua",33
103306,10110,"พระโขนงเหนือ","Phra Khanong Nua",33
103401,10250,"สวนหลวง","Suan Luang",34
103501,10150,"บางขุนเทียน","Bang Khun Thian",35
103502,10150,"บางค้อ","Bang Kho",35
103503,10150,"บางมด","Bang Mot",35
103504,10150,"จอมทอง","Chom Thong",35
103601,0,"ตลาดบางเขน*","Bang Khen Market*",36
103602,10210,"สีกัน","Si Kan",36
103603,0,"ทุ่งสองห้อง*","Thung Song Hong *",36
103701,10400,"ทุ่งพญาไท","Thung Phaya Thai",37
103702,10400,"ถนนพญาไท","Thanon Phaya Thai",37
103703,10400,"ถนนเพชรบุรี","Thanon Phetchaburi",37
103704,10400,"มักกะสัน","Makkasan",37
103801,10230,"ลาดพร้าว","Lat Phrao",38
103802,10230,"จรเข้บัว","Chorakhe Bua",38
103901,10110,"คลองเตยเหนือ","Khlong Toei Nuea",39
103902,10110,"คลองตันเหนือ","Khlong Tan Nuea",39
103903,10110,"พระโขนงเหนือ","Phra Khanong Nuea",39
104001,10160,"บางแค","Bang Khae",40
104002,10160,"บางแคเหนือ","Bang Khae Nuea",40
104003,10160,"บางไผ่","Bang Phai",40
104004,10160,"หลักสอง","Lak Song",40
104101,10210,"ทุ่งสองห้อง","Thung Song Hong",41
104102,10210,"ตลาดบางเขน","Talat Bang Khen",41
104201,10220,"สายไหม","Sai Mai",42
104202,10220,"ออเงิน","O Ngoen",42
104203,10220,"คลองถนน","Khlong Thanon",42
104301,10230,"คันนายาว","Khan Na Yao",43
104401,10240,"สะพานสูง","Sapan Sung",44
104501,10310,"วังทองหลาง","Wang Thonglang",45
104601,10510,"สามวาตะวันตก","Sam Wa Tawantok",46
104602,10510,"สามวาตะวันออก","Sam Wa Tawan-ok",46
104603,10510,"บางชัน","Bang Chan",46
104604,10510,"ทรายกองดิน","Sai Kong Din",46
104605,10510,"ทรายกองดินใต้","Sai Kong Din Tai",46
104701,10260,"บางนา","Bang Na",47
104801,10170,"ทวีวัฒนา","Thawi Watthana",48
104802,10170,"ศาลาธรรมสพน์","Sala Thammasop",48
104901,10140,"บางมด","Bang Mot",49
104902,10140,"ทุ่งครุ","Thung Khru",49
105001,10150,"บางบอน","Bang Bon",50
110101,10270,"ปากน้ำ","Pak Nam",52
110102,10270,"สำโรงเหนือ","Samrong Nuea",52
110103,10270,"บางเมือง","Bang Mueang",52
110104,10280,"ท้ายบ้าน","Thai Ban",52
110105,0,"*นาเกลือ","*Na Klua",52
110106,0,"*แหลมฟ้าผ่า","*Laem Khapa",52
110107,0,"*ในคลองบางปลากด","*Nai Klong Pla Kod",52
110108,10280,"บางปูใหม่","Bang Pu Mai",52
110109,0,"*ปากคลองบางปลากด","*Pak Klong Pa Kod",52
110110,10280,"แพรกษา","Phraek Sa",52
110111,10270,"บางโปรง","Bang Prong",52
110112,10270,"บางปู","Bang Pu",52
110113,10270,"บางด้วน","Bang Duan",52
110114,10270,"บางเมืองใหม่","Bang Mueang Mai",52
110115,10270,"เทพารักษ์","Thepharak",52
110116,10280,"ท้ายบ้านใหม่","Thai Ban Mai",52
110117,10280,"แพรกษาใหม่","Phraek Sa Mai",52
110194,0,"*บางปูเก่า","*Bang Poo",52
110195,0,"*ในคลองบางปลากด","*Nai Klong Pla Kod",52
110196,0,"*ปากคลองบางปลากด","*Pak Klong Pa Kod",52
110197,0,"*แหลมฟ้าผ่า","*Laem Khapa",52
110198,0,"*บ้านคลองสวน","*Ban Klong Suan",52
110199,0,"*นาเกลือ","*Na Klua",52
110201,10560,"บางบ่อ","Bang Bo",53
110202,10560,"บ้านระกาศ","Ban Rakat",53
110203,10560,"บางพลีน้อย","Bang Phli Noi",53
110204,10560,"บางเพรียง","Bang Phriang",53
110205,10550,"คลองด่าน","Khlong Dan",53
110206,10560,"คลองสวน","Khlong Suan",53
110207,10560,"เปร็ง","Preng",53
110208,10560,"คลองนิยมยาตรา","Khlong Niyom Yattra",53
110209,0,"คลองนิยม*","Klong Niyom*",53
110301,10540,"บางพลีใหญ่","Bang Phli Yai",54
110302,10540,"บางแก้ว","Bang Kaeo",54
110303,10540,"บางปลา","Bang Pla",54
110304,10540,"บางโฉลง","Bang Chalong",54
110305,0,"*บางเสาธง","*Bang Sao Thong",54
110306,0,"*ศรีษะจรเข้ใหญ่","*Srisa Jorrakae Yai",54
110307,0,"*ศรีษะจรเข้น้อย","*Srisa Jorrakae Noi",54
110308,10540,"ราชาเทวะ","Racha Thewa",54
110309,10540,"หนองปรือ","Nong Prue",54
110401,10130,"ตลาด","Talat",55
110402,10130,"บางพึ่ง","Bang Phueng",55
110403,10130,"บางจาก","Bang Chak",55
110404,10130,"บางครุ","Bang Khru",55
110405,10130,"บางหญ้าแพรก","Bang Ya Phraek",55
110406,10130,"บางหัวเสือ","Bang Hua Suea",55
110407,10130,"สำโรงใต้","Samrong Tai",55
110408,10130,"บางยอ","Bang Yo",55
110409,10130,"บางกะเจ้า","Bang Kachao",55
110410,10130,"บางน้ำผึ้ง","Bang Namphueng",55
110411,10130,"บางกระสอบ","Bang Krasop",55
110412,10130,"บางกอบัว","Bang Ko Bua",55
110413,10130,"ทรงคนอง","Song Khanong",55
110414,10130,"สำโรง","Samrong",55
110415,10130,"สำโรงกลาง","Samrong Klang",55
110501,10290,"นาเกลือ","Na Kluea",56
110502,10290,"บ้านคลองสวน","Ban Khlong Suan",56
110503,10290,"แหลมฟ้าผ่า","Laem Fa Pha",56
110504,10290,"ปากคลองบางปลากด","Pak Klong Bang Pla Kot",56
110505,10290,"ในคลองบางปลากด","Nai Khlong Bang Pla Kot",56
110601,10540,"บางเสาธง","Bang Sao Thong",57
110602,10540,"ศีรษะจรเข้น้อย","Sisa Chorakhe Noi",57
110603,10540,"ศีรษะจรเข้ใหญ่","Sisa Chorakhe Yai",57
120101,11000,"สวนใหญ่","Suan Yai",58
120102,11000,"ตลาดขวัญ","Talat Khwan",58
120103,11000,"บางเขน","Bang Khen",58
120104,11000,"บางกระสอ","Bang Kraso",58
120105,11000,"ท่าทราย","Tha Sai",58
120106,11000,"บางไผ่","Bang Phai",58
120107,11000,"บางศรีเมือง","Bang Si Mueang",58
120108,11000,"บางกร่าง","Bang Krang",58
120109,11000,"ไทรม้า","Sai Ma",58
120110,11000,"บางรักน้อย","Bang Rak Noi",58
120201,11130,"วัดชลอ","Wat Chalo",59
120202,11130,"บางกรวย","Bang Kruai",59
120203,11130,"บางสีทอง","Bang Si Thong",59
120204,11130,"บางขนุน","Bang Khanun",59
120205,11130,"บางขุนกอง","Bang Khun Kong",59
120206,11130,"บางคูเวียง","Bang Khu Wiang",59
120207,11130,"มหาสวัสดิ์","Maha Sawat",59
120208,11130,"ปลายบาง","Plai Bang",59
120209,11130,"ศาลากลาง","Sala Klang",59
120301,11140,"บางม่วง","Bang Muang",60
120302,11140,"บางแม่นาง","Bang Mae Nang",60
120303,11140,"บางเลน","Bang Len",60
120304,11140,"เสาธงหิน","Sao Thong Hin",60
120305,11140,"บางใหญ่","Bang Yai",60
120306,11140,"บ้านใหม่","Ban Mai",60
120401,11110,"โสนลอย","Sano Loi",61
120402,11110,"บางบัวทอง","Bang Bua Thong",61
120403,11110,"บางรักใหญ่","Bang Rak Yai",61
120404,11110,"บางคูรัด","Bang Khu Rat",61
120405,11110,"ละหาร","Lahan",61
120406,11110,"ลำโพ","Lam Pho",61
120407,11110,"พิมลราช","Phimon Rat",61
120408,11110,"บางรักพัฒนา","Bang Rak Phatthana",61
120501,11150,"ไทรน้อย","Sai Noi",62
120502,11150,"ราษฎร์นิยม","Rat Niyom",62
120503,11150,"หนองเพรางาย","Nong Phrao Ngai",62
120504,11150,"ไทรใหญ่","Sai Yai",62
120505,11150,"ขุนศรี","Khun Si",62
120506,11150,"คลองขวาง","Khlong Khwang",62
120507,11150,"ทวีวัฒนา","Thawi Watthana",62
120601,11120,"ปากเกร็ด","Pak Kret",63
120602,11120,"บางตลาด","Bang Talat",63
120603,11120,"บ้านใหม่","Ban Mai",63
120604,11120,"บางพูด","Bang Phut",63
120605,11120,"บางตะไนย์","Bang Tanai",63
120606,11120,"คลองพระอุดม","Khlong Phra Udom",63
120607,11120,"ท่าอิฐ","Tha It",63
120608,11120,"เกาะเกร็ด","Ko Kret",63
120609,11120,"อ้อมเกร็ด","Om Kret",63
120610,11120,"คลองข่อย","Khlong Khoi",63
120611,11120,"บางพลับ","Bang Phlap",63
120612,11120,"คลองเกลือ","Khlong Kluea",63
130101,12000,"บางปรอก","Bang Parok",66
130102,12000,"บ้านใหม่","Ban Mai",66
130103,12000,"บ้านกลาง","Ban Klang",66
130104,12000,"บ้านฉาง","Ban Chang",66
130105,12000,"บ้านกระแชง","Ban Krachaeng",66
130106,12000,"บางขะแยง","Bang Khayaeng",66
130107,12000,"บางคูวัด","Bang Khu Wat",66
130108,12000,"บางหลวง","Bang Luang",66
130109,12000,"บางเดื่อ","Bang Duea",66
130110,12000,"บางพูด","Bang Phut",66
130111,12000,"บางพูน","Bang Phun",66
130112,12000,"บางกะดี","Bang Kadi",66
130113,12000,"สวนพริกไทย","Suan Phrikthai",66
130114,12000,"หลักหก","Lak Hok",66
130201,12120,"คลองหนึ่ง","Khlong Nueng",67
130202,12120,"คลองสอง","Khlong Song",67
130203,12120,"คลองสาม","Khlong Sam",67
130204,12120,"คลองสี่","Khlong Si",67
130205,12120,"คลองห้า","Khlong Ha",67
130206,12120,"คลองหก","Khlong Hok",67
130207,12120,"คลองเจ็ด","Khlong Chet",67
130301,12130,"ประชาธิปัตย์","Prachathipat",68
130302,12130,"บึงยี่โถ","Bueng Yitho",68
130303,12110,"รังสิต","Rangsit",68
130304,12110,"ลำผักกูด","Lam Phak Kut",68
130305,12110,"บึงสนั่น","Bueng Sanan",68
130306,12110,"บึงน้ำรักษ์","Bueng Nam Rak",68
130401,12170,"บึงบา","Bueng Ba",69
130402,12170,"บึงบอน","Bueng Bon",69
130403,12170,"บึงกาสาม","Bueng Ka Sam",69
130404,12170,"บึงชำอ้อ","Bueng Cham O",69
130405,12170,"หนองสามวัง","Nong Sam Wang",69
130406,12170,"ศาลาครุ","Sala Khru",69
130407,12170,"นพรัตน์","Noppharat",69
130501,12140,"ระแหง","Rahaeng",70
130502,12140,"ลาดหลุมแก้ว","Lat Lum Kaeo",70
130503,12140,"คูบางหลวง","Khu Bang Luang",70
130504,12140,"คูขวาง","Khu Khwang",70
130505,12140,"คลองพระอุดม","Khlong Phra Udom",70
130506,12140,"บ่อเงิน","Bo Ngoen",70
130507,12140,"หน้าไม้","Na Mai",70
130601,12130,"คูคต","Khu Khot",71
130602,12150,"ลาดสวาย","Lat Sawai",71
130603,12150,"บึงคำพร้อย","Bueng Kham Phroi",71
130604,12150,"ลำลูกกา","Lam Luk Ka",71
130605,12150,"บึงทองหลาง","Bueng Thonglang",71
130606,12150,"ลำไทร","Lam Sai",71
130607,12150,"บึงคอไห","Bueng Kho Hai",71
130608,12150,"พืชอุดม","Phuet Udom",71
130701,12160,"บางเตย","Bang Toei",72
130702,12160,"คลองควาย","Khlong Khwai",72
130703,12160,"สามโคก","Sam Khok",72
130704,12160,"กระแชง","Krachaeng",72
130705,12160,"บางโพธิ์เหนือ","Bang Pho Nuea",72
130706,12160,"เชียงรากใหญ่","Chiang Rak Yai",72
130707,12160,"บ้านปทุม","Ban Pathum",72
130708,12160,"บ้านงิ้ว","Ban Ngio",72
130709,12160,"เชียงรากน้อย","Chiang Rak Noi",72
130710,12160,"บางกระบือ","Bang Krabue",72
130711,12160,"ท้ายเกาะ","Thai Ko",72
140101,13000,"ประตูชัย","Pratu Chai",74
140102,13000,"กะมัง","Kamang",74
140103,13000,"หอรัตนไชย","Ho Rattanachai",74
140104,13000,"หัวรอ","Hua Ro",74
140105,13000,"ท่าวาสุกรี","Tha Wasukri",74
140106,13000,"ไผ่ลิง","Phai Ling",74
140107,13000,"ปากกราน","Pak Kran",74
140108,13000,"ภูเขาทอง","Phukhao Thong",74
140109,13000,"สำเภาล่ม","Samphao Lom",74
140110,13000,"สวนพริก","Suan Phrik",74
140111,13000,"คลองตะเคียน","Khlong Takhian",74
140112,13000,"วัดตูม","Wat Tum",74
140113,13000,"หันตรา","Hantra",74
140114,13000,"ลุมพลี","Lumphli",74
140115,13000,"บ้านใหม่","Ban Mai",74
140116,13000,"บ้านเกาะ","Ban Ko",74
140117,13000,"คลองสวนพลู","Khlong Suan Phlu",74
140118,13000,"คลองสระบัว","Khlong Sa Bua",74
140119,13000,"เกาะเรียน","Ko Rian",74
140120,13000,"บ้านป้อม","Ban Pom",74
140121,13000,"บ้านรุน","Ban Run",74
140199,0,"*จำปา","*Jam Pa",74
140201,13130,"ท่าเรือ","Tha Ruea",75
140202,13130,"จำปา","Champa",75
140203,13130,"ท่าหลวง","Tha Luang",75
140204,13130,"บ้านร่อม","Ban Rom",75
140205,13130,"ศาลาลอย","Sala Loi",75
140206,13130,"วังแดง","Wang Daeng",75
140207,13130,"โพธิ์เอน","Pho En",75
140208,13130,"ปากท่า","Pak Tha",75
140209,13130,"หนองขนาก","Nong Khanak",75
140210,13130,"ท่าเจ้าสนุก","Tha Chao Sanuk",75
140301,13260,"นครหลวง","Nakhon Luang",76
140302,13260,"ท่าช้าง","Tha Chang",76
140303,13260,"บ่อโพง","Bo Phong",76
140304,13260,"บ้านชุ้ง","Ban Chung",76
140305,13260,"ปากจั่น","Pak Chan",76
140306,13260,"บางระกำ","Bang Rakam",76
140307,13260,"บางพระครู","Bang Phra Khru",76
140308,13260,"แม่ลา","Mae La",76
140309,13260,"หนองปลิง","Nong Pling",76
140310,13260,"คลองสะแก","Khlong Sakae",76
140311,13260,"สามไถ","Sam Thai",76
140312,13260,"พระนอน","Phra Non",76
140401,13190,"บางไทร","Bang Sai",77
140402,13190,"บางพลี","Bang Phli",77
140403,13190,"สนามชัย","Sanam Chai",77
140404,13190,"บ้านแป้ง","Ban Paeng",77
140405,13190,"หน้าไม้","Na Mai",77
140406,13190,"บางยี่โท","Bang Yi Tho",77
140407,13190,"แคออก","Khae Ok",77
140408,13190,"แคตก","Khae Tok",77
140409,13190,"ช่างเหล็ก","Chang Lek",77
140410,13190,"กระแชง","Krachaeng",77
140411,13190,"บ้านกลึง","Ban Klueng",77
140412,13190,"ช้างน้อย","Chang Noi",77
140413,13190,"ห่อหมก","Homok",77
140414,13190,"ไผ่พระ","Phai Phra",77
140415,13190,"กกแก้วบูรพา","Kok Kaeo Burapha",77
140416,13190,"ไม้ตรา","Mai Tra",77
140417,13190,"บ้านม้า","Ban Ma",77
140418,13190,"บ้านเกาะ","Ban Ko",77
140419,13290,"ราชคราม","Ratchakhram",77
140420,13290,"ช้างใหญ่","Chang Yai",77
140421,13290,"โพแตง","Pho Taeng",77
140422,13290,"เชียงรากน้อย","Chiang Rak Noi",77
140423,13190,"โคกช้าง","Khok Chang",77
140501,13250,"บางบาล","Bang Ban",78
140502,13250,"วัดยม","Wat Yom",78
140503,13250,"ไทรน้อย","Sai Noi",78
140504,13250,"สะพานไทย","Saphan Thai",78
140505,13250,"มหาพราหมณ์","Maha Phram",78
140506,13250,"กบเจา","Kop Chao",78
140507,13250,"บ้านคลัง","Ban Khlang",78
140508,13250,"พระขาว","Phra Khao",78
140509,13250,"น้ำเต้า","Namtao",78
140510,13250,"ทางช้าง","Thang Chang",78
140511,13250,"วัดตะกู","Wat Taku",78
140512,13250,"บางหลวง","Bang Luang",78
140513,13250,"บางหลวงโดด","Bang Luang Dot",78
140514,13250,"บางหัก","Bang Hak",78
140515,13250,"บางชะนี","Bang Chani",78
140516,13250,"บ้านกุ่ม","Ban Kum",78
140601,13160,"บ้านเลน","Ban Len",79
140602,13180,"เชียงรากน้อย","Chiang Rak Noi",79
140603,13160,"บ้านโพ","Ban Pho",79
140604,13160,"บ้านกรด","Ban Krot",79
140605,13160,"บางกระสั้น","Bang Krasan",79
900706,90140,"บ่อตรุ","Bo Tru",924
140606,13160,"คลองจิก","Khlong Chik",79
140607,13160,"บ้านหว้า","Ban Wa",79
140608,13160,"วัดยม","Wat Yom",79
140609,13160,"บางประแดง","Bang Pradaeng",79
140610,13160,"สามเรือน","Sam Ruean",79
140611,13160,"เกาะเกิด","Ko Koet",79
140612,13160,"บ้านพลับ","Ban Phlap",79
140613,13160,"บ้านแป้ง","Ban Paeng",79
140614,13160,"คุ้งลาน","Khung Lan",79
140615,13160,"ตลิ่งชัน","Taling Chan",79
140616,13170,"บ้านสร้าง","Ban Sang",79
140617,13160,"ตลาดเกรียบ","Talat Kriap",79
140618,13160,"ขนอนหลวง","Khanon Luang",79
140701,13220,"บางปะหัน","Bang Pahan",80
140702,13220,"ขยาย","Khayai",80
140703,13220,"บางเดื่อ","Bang Duea",80
140704,13220,"เสาธง","Sao Thong",80
140705,13220,"ทางกลาง","Thang Klang",80
140706,13220,"บางเพลิง","Bang Phloeng",80
140707,13220,"หันสัง","Hansang",80
140708,13220,"บางนางร้า","Bang Nang Ra",80
140709,13220,"ตานิม","Ta Nim",80
140710,13220,"ทับน้ำ","Thap Nam",80
140711,13220,"บ้านม้า","Ban Ma",80
140712,13220,"ขวัญเมือง","Khwan Mueang",80
140713,13220,"บ้านลี่","Ban Li",80
140714,13220,"โพธิ์สามต้น","Pho Sam Ton",80
140715,13220,"พุทเลา","Phutlao",80
140716,13220,"ตาลเอน","Tan En",80
140717,13220,"บ้านขล้อ","Ban Khlo",80
140801,13120,"ผักไห่","Phak Hai",81
140802,13120,"อมฤต","Ammarit",81
140803,13120,"บ้านแค","Ban Khae",81
140804,13120,"ลาดน้ำเค็ม","Lat Nam Khem",81
140805,13120,"ตาลาน","Ta Lan",81
140806,13120,"ท่าดินแดง","Tha Din Daeng",81
140807,13280,"ดอนลาน","Don Lan",81
140808,13280,"นาคู","Na Khu",81
140809,13120,"กุฎี","Kudi",81
140810,13280,"ลำตะเคียน","Lam Takhian",81
140811,13120,"โคกช้าง","Khok Chang",81
140812,13280,"จักราช","Chakkarat",81
140813,13280,"หนองน้ำใหญ่","Nong Nam Yai",81
140814,13120,"ลาดชิด","Lat Chit",81
140815,13120,"หน้าโคก","Na Khok",81
140816,13120,"บ้านใหญ่","Ban Yai",81
140901,13140,"ภาชี","Phachi",82
140902,13140,"โคกม่วง","Khok Muang",82
140903,13140,"ระโสม","Rasom",82
140904,13140,"หนองน้ำใส","Nong Nam Sai",82
140905,13140,"ดอนหญ้านาง","Don Ya Nang",82
140906,13140,"ไผ่ล้อม","Phai Lom",82
140907,13140,"กระจิว","Krachio",82
140908,13140,"พระแก้ว","Phra Kaeo",82
141001,13230,"ลาดบัวหลวง","Lat Bua Luang",83
141002,13230,"หลักชัย","Lak Chai",83
141003,13230,"สามเมือง","Sam Mueang",83
141004,13230,"พระยาบันลือ","Phraya Banlue",83
141005,13230,"สิงหนาท","Singhanat",83
141006,13230,"คู้สลอด","Khu Salot",83
141007,13230,"คลองพระยาบันลือ","Khlong Phraya Banlue",83
141101,13170,"ลำตาเสา","Lam Ta Sao",84
141102,13170,"บ่อตาโล่","Bo Ta Lo",84
141103,13170,"วังน้อย","Wang Noi",84
141104,13170,"ลำไทร","Lam Sai",84
141105,13170,"สนับทึบ","Sanap Thuep",84
141106,13170,"พยอม","Phayom",84
141107,13170,"หันตะเภา","Han Taphao",84
141108,13170,"วังจุฬา","Wang Chula",84
141109,13170,"ข้าวงาม","Khao Ngam",84
141110,13170,"ชะแมบ","Chamaep",84
141201,13110,"เสนา","Sena",85
141202,13110,"บ้านแพน","Ban Phaen",85
141203,13110,"เจ้าเจ็ด","Chao Chet",85
141204,13110,"สามกอ","Sam Ko",85
141205,13110,"บางนมโค","Bang Nom Kho",85
141206,13110,"หัวเวียง","Hua Wiang",85
141207,13110,"มารวิชัย","Manrawichai",85
141208,13110,"บ้านโพธิ์","Ban Pho",85
141209,13110,"รางจรเข้","Rang Chorakhe",85
141210,13110,"บ้านกระทุ่ม","Ban Krathum",85
141211,13110,"บ้านแถว","Ban Thaeo",85
141212,13110,"ชายนา","Chai Na",85
141213,13110,"สามตุ่ม","Sam Tum",85
141214,13110,"ลาดงา","Lat Nga",85
141215,13110,"ดอนทอง","Don Thong",85
141216,13110,"บ้านหลวง","Ban Luang",85
141217,13110,"เจ้าเสด็จ","Chao Sadet",85
141301,13270,"บางซ้าย","Bang Sai",86
141302,13270,"แก้วฟ้า","Kaeo Fa",86
141303,13270,"เต่าเล่า","Tao Lao",86
141304,13270,"ปลายกลัด","Plai Klat",86
141305,13270,"เทพมงคล","Thep Mongkhon",86
141306,13270,"วังพัฒนา","Wang Phatthana",86
141401,13210,"คานหาม","Khan Ham",87
141402,13210,"บ้านช้าง","Ban Chang",87
141403,13210,"สามบัณฑิต","Sam Bandit",87
141404,13210,"บ้านหีบ","Ban Hip",87
141405,13210,"หนองไม้ซุง","Nong Mai Sung",87
141406,13210,"อุทัย","Uthai",87
141407,13210,"เสนา","Sena",87
141408,13210,"หนองน้ำส้ม","Nong Nam Som",87
141409,13210,"โพสาวหาญ","Pho Sao Han",87
141410,13210,"ธนู","Thanu",87
141411,13210,"ข้าวเม่า","Khao Mao",87
141501,13150,"หัวไผ่","Hua Phai",88
141502,13150,"กะทุ่ม","Kathum",88
141503,13150,"มหาราช","Maha Rat",88
141504,13150,"น้ำเต้า","Namtao",88
141505,13150,"บางนา","Bang Na",88
141506,13150,"โรงช้าง","Rong Chang",88
141507,13150,"เจ้าปลุก","Chao Pluk",88
141508,13150,"พิตเพียน","Phitphian",88
141509,13150,"บ้านนา","Ban Na",88
141510,13150,"บ้านขวาง","Ban Khwang",88
141511,13150,"ท่าตอ","Tha To",88
141512,13150,"บ้านใหม่","Ban Mai",88
141601,13240,"บ้านแพรก","Ban Phraek",89
141602,13240,"บ้านใหม่","Ban Mai",89
141603,13240,"สำพะเนียง","Sam Phaniang",89
141604,13240,"คลองน้อย","Khlong Noi",89
141605,13240,"สองห้อง","Song Hong",89
150101,14000,"ตลาดหลวง","Talat Luang",90
150102,14000,"บางแก้ว","Bang Kaeo",90
150103,14000,"ศาลาแดง","Sala Daeng",90
150104,14000,"ป่างิ้ว","Pa Ngio",90
150105,14000,"บ้านแห","Ban Hae",90
150106,14000,"ตลาดกรวด","Talat Kruat",90
150107,14000,"มหาดไทย","Mahatthai",90
150108,14000,"บ้านอิฐ","Ban It",90
150109,14000,"หัวไผ่","Hua Phai",90
150110,14000,"จำปาหล่อ","Champa Lo",90
150111,14000,"โพสะ","Phosa",90
150112,14000,"บ้านรี","Ban Ri",90
150113,14000,"คลองวัว","Khlong Wua",90
150114,14000,"ย่านซื่อ","Yan Sue",90
150201,14140,"จรเข้ร้อง","Chorakhe Rong",91
150202,14140,"ไชยภูมิ","Chaiyaphum",91
150203,14140,"ชัยฤทธิ์","Chaiyarit",91
150204,14140,"เทวราช","Thewarat",91
150205,14140,"ราชสถิตย์","Ratchasathit",91
150206,14140,"ไชโย","Chaiyo",91
150207,14140,"หลักฟ้า","Lak Fa",91
150208,14140,"ชะไว","Chawai",91
150209,14140,"ตรีณรงค์","Tri Narong",91
150301,14130,"บางปลากด","Bang Pla Kot",92
150302,14130,"ป่าโมก","Pa Mok",92
150303,14130,"สายทอง","Sai Thong",92
150304,14130,"โรงช้าง","Rong Chang",92
150305,14130,"บางเสด็จ","Bang Sadet",92
150306,14130,"นรสิงห์","Norasing",92
150307,14130,"เอกราช","Ekkarat",92
150308,14130,"โผงเผง","Phong Pheng",92
150401,14120,"อ่างแก้ว","Ang Kaeo",93
150402,14120,"อินทประมูล","Inthapramun",93
150403,14120,"บางพลับ","Bang Phlap",93
150404,14120,"หนองแม่ไก่","Nong Mae Kai",93
150405,14120,"รำมะสัก","Ram Ma Sak",93
150406,14120,"บางระกำ","Bang Rakam",93
150407,14120,"โพธิ์รังนก","Pho Rang Nok",93
150408,14120,"องครักษ์","Ongkharak",93
150409,14120,"โคกพุทรา","Khok Phutsa",93
150410,14120,"ยางช้าย","Yang Chai",93
150411,14120,"บ่อแร่","Bo Rae",93
150412,14120,"ทางพระ","Thang Phra",93
150413,14120,"สามง่าม","Sam Ngam",93
150414,14120,"บางเจ้าฉ่า","Bang Chao Cha",93
150415,14120,"คำหยาด","Kham Yat",93
150501,14150,"แสวงหา","Sawaeng Ha",94
150502,14150,"ศรีพราน","Si Phran",94
150503,14150,"บ้านพราน","Ban Phran",94
150504,14150,"วังน้ำเย็น","Wang Nam Yen",94
150505,14150,"สีบัวทอง","Si Bua Thong",94
150506,14150,"ห้วยไผ่","Huai Phai",94
150507,14150,"จำลอง","Chamlong",94
150601,14110,"ไผ่จำศิล","Phai Cham Sin",95
150602,14110,"ศาลเจ้าโรงทอง","San Chao Rong Thong",95
150603,14110,"ไผ่ดำพัฒนา","Phai Dam Phatthana",95
150604,14110,"สาวร้องไห้","Sao Rong Hai",95
150605,14110,"ท่าช้าง","Tha Chang",95
150606,14110,"ยี่ล้น","Yi Lon",95
150607,14110,"บางจัก","Bang Chak",95
150608,14110,"ห้วยคันแหลน","Huai Khan Laen",95
150609,14110,"คลองขนาก","Khlong Khanak",95
150610,14110,"ไผ่วง","Phai Wong",95
150611,14110,"สี่ร้อย","Si Roi",95
150612,14110,"ม่วงเตี้ย","Muang Tia",95
150613,14110,"หัวตะพาน","Hua Taphan",95
150614,14110,"หลักแก้ว","Lak Kaeo",95
150615,14110,"ตลาดใหม่","Talat Mai",95
150701,14160,"สามโก้","Samko",96
150702,14160,"ราษฎรพัฒนา","Ratsadon Phatthana",96
150703,14160,"อบทม","Op Thom",96
150704,14160,"โพธิ์ม่วงพันธ์","Pho Muang Phan",96
150705,14160,"มงคลธรรมนิมิต","Mongkhon Tham Nimit",96
160101,15000,"ทะเลชุบศร","Thale Chup Son",97
160102,15000,"ท่าหิน","Tha Hin",97
160103,15000,"กกโก","Kok Ko",97
160104,13240,"โก่งธนู","Kong Thanu",97
160105,15000,"เขาพระงาม","Khao Phra Ngam",97
160106,15000,"เขาสามยอด","Khao Sam Yot",97
160107,15000,"โคกกะเทียม","Khok Kathiam",97
160108,15000,"โคกลำพาน","Khok Lam Phan",97
160109,15210,"โคกตูม","Khok Tum",97
160110,15000,"งิ้วราย","Ngio Rai",97
160111,15000,"ดอนโพธิ์","Don Pho",97
160112,15000,"ตะลุง","Talung",97
160113,0,"*ทะเลชุบศร","*Thalay Chup Sorn",97
160114,15000,"ท่าแค","Tha Khae",97
160115,15000,"ท่าศาลา","Tha Sala",97
160116,15000,"นิคมสร้างตนเอง","Nikhom Sang Ton-eng",97
160117,15000,"บางขันหมาก","Bang Khan Mak",97
160118,15000,"บ้านข่อย","Ban Khoi",97
160119,15000,"ท้ายตลาด","Thai Talat",97
160120,15000,"ป่าตาล","Pa Tan",97
160121,15000,"พรหมมาสตร์","Phrommat",97
160122,15000,"โพธิ์เก้าต้น","Pho Kao Ton",97
160123,15000,"โพธิ์ตรุ","Pho Tru",97
160124,15000,"สี่คลอง","Si Khlong",97
160125,15000,"ถนนใหญ่","Thanon Yai",97
160201,15140,"พัฒนานิคม","Phatthana Nikhom",98
160202,15220,"ช่องสาริกา","Chong Sarika",98
160203,15140,"มะนาวหวาน","Manao Wan",98
160204,15220,"ดีลัง","Di Lang",98
160205,15140,"โคกสลุง","Khok Salung",98
160206,15140,"ชอนน้อย","Chon Noi",98
160207,15140,"หนองบัว","Nong Bua",98
160208,18220,"ห้วยขุนราม","Huai Khun Ram",98
160209,15140,"น้ำสุด","Nam Sut",98
160301,15120,"โคกสำโรง","Khok Samrong",99
160302,15120,"เกาะแก้ว","Ko Kaeo",99
160303,15120,"ถลุงเหล็ก","Thalung Lek",99
160304,15120,"หลุมข้าว","Lum Khao",99
160305,15120,"ห้วยโป่ง","Huai Pong",99
160306,15120,"คลองเกตุ","Khlong Ket",99
160307,15120,"สะแกราบ","Sakae Rap",99
160308,15120,"เพนียด","Phaniat",99
160309,15120,"วังเพลิง","Wang Phloeng",99
160310,15120,"ดงมะรุม","Dong Marum",99
160311,0,"*ชอนสารเดช","*Chon Sara Dach",99
160312,0,"*หนองม่วง","*Nong Muang",99
160313,0,"*บ่อทอง","*Bo Thong",99
160314,0,"*ยางโทน","*Yang Tong",99
160315,0,"*ชอนสมบูรณ์","*Chon Somboon",99
160316,0,"*โคกเจริญ","*Khok Jaroen",99
160317,0,"*ยางราก","*Yang Rag",99
160318,15120,"วังขอนขว้าง","Wang Khon Khwang",99
160319,0,"*ดงดินแดง","*Dong Din Dang",99
160320,15120,"วังจั่น","Wang Chan",99
160321,0,"*หนองมะค่า","*Nong Maka",99
160322,15120,"หนองแขม","Nong Khaem",99
160323,0,"*วังทอง","*Wang Thong",99
160389,0,"*ชอนสารเดช","*Chon Saradach",99
160390,0,"*ยางโทน","*Yang Tong",99
160391,0,"*ชอนสมบูรณ์","*Chon Somboon",99
160392,0,"*ดงดินแดง","*Dong Din Dang",99
160393,0,"*บ่อทอง","*Bo Thong",99
160394,0,"*หนองม่วง","*Nong Muang",99
160395,0,"*ยางราก","*Yang Rag",99
160396,0,"*โคกเจริญ","*Khok Jaroen",99
160397,0,"*ทุ่งท่าช้าง","*Thung Tha Chang",99
160398,0,"*มหาโพธิ์","*Sri Maha Phot",99
160399,0,"*สระโบสถ์","*Sa Bos",99
160401,15130,"ลำนารายณ์","Lam Narai",100
160402,15130,"ชัยนารายณ์","Chai Narai",100
160403,15130,"ศิลาทิพย์","Sila Thip",100
160404,15130,"ห้วยหิน","Huai Hin",100
160405,15230,"ม่วงค่อม","Muang Khom",100
160406,15130,"บัวชุม","Bua Chum",100
160407,15130,"ท่าดินดำ","Tha Din Dam",100
160408,15230,"มะกอกหวาน","Makok Wan",100
160409,15130,"ซับตะเคียน","Sap Takhian",100
160410,15190,"นาโสม","Na Som",100
160411,15130,"หนองยายโต๊ะ","Nong Yai To",100
160412,15130,"เกาะรัง","Ko Rang",100
160413,0,"*หนองรี","*Nong Ree",100
160414,15130,"ท่ามะนาว","Tha Manao",100
160415,0,"*กุดตาเพชร","*Kud Ta Phech",100
160416,0,"*ลำสนธิ","*Lam Sonti",100
160417,15130,"นิคมลำนารายณ์","Nikhom Lam Narai",100
160418,15230,"ชัยบาดาล","Chai Badan",100
160419,15130,"บ้านใหม่สามัคคี","Ban Mai Samakkhi",100
160420,0,"*ซับสมบูรณ์","*Sub Somboon",100
160421,0,"*เขารวก","*Khao Ruak",100
160422,15130,"เขาแหลม","Khao Laem",100
160492,0,"*เขาฉกรรจ์","*Khao Chakan",100
160493,0,"*กุดตาเพชร","*Kud Ta Phech",100
160494,0,"*หนองรี","*Nong Ree",100
160495,0,"*ลำสนธิ","*Lam Sonti",100
160496,0,"*หนองผักแว่น","*Nong Phak Waen",100
160497,0,"*ซับจำปา","*Sub Jumpa",100
160498,0,"*แก่งผักกูด","*Kaeng Pak Kud",100
160499,0,"*ท่าหลวง","*Tha Loung",100
160501,15150,"ท่าวุ้ง","Tha Wung",101
160502,15150,"บางคู้","Bang Khu",101
160503,15150,"โพตลาดแก้ว","Pho Talat Kaeo",101
160504,15150,"บางลี่","Bang Li",101
160505,15150,"บางงา","Bang Nga",101
160506,15150,"โคกสลุด","Khok Salut",101
160507,15180,"เขาสมอคอน","Khao Samo Khon",101
160508,15150,"หัวสำโรง","Hua Samrong",101
160509,15150,"ลาดสาลี่","Lat Sali",101
160510,15150,"บ้านเบิก","Ban Boek",101
160511,15150,"มุจลินท์","Mutchalin",101
160601,15110,"ไผ่ใหญ่","Phai Yai",102
160602,15110,"บ้านทราย","Ban Sai",102
160603,15110,"บ้านกล้วย","Ban Kluai",102
160604,15110,"ดงพลับ","Dong Phlap",102
160605,15180,"บ้านชี","Ban Chi",102
160606,15110,"พุคา","Phu Kha",102
160607,15110,"หินปัก","Hin Pak",102
160608,15110,"บางพึ่ง","Bang Phueng",102
160609,15110,"หนองทรายขาว","Nong Sai Khao",102
160610,15110,"บางกะพี้","Bang Kaphi",102
160611,15110,"หนองเต่า","Nong Tao",102
160612,15110,"โพนทอง","Phon Thong",102
160613,15180,"บางขาม","Bang Kham",102
160614,15110,"ดอนดึง","Don Dueng",102
160615,15110,"ชอนม่วง","Chon Muang",102
160616,15110,"หนองกระเบียน","Nong Krabian",102
160617,15110,"สายห้วยแก้ว","Sai Huai Kaeo",102
160618,15110,"มหาสอน","Maha Son",102
160619,15110,"บ้านหมี่","Ban Mi",102
160620,15110,"เชียงงา","Chiang Nga",102
160621,15110,"หนองเมือง","Nong Mueang",102
160622,15110,"สนามแจง","Sanam Chaeng",102
160701,15230,"ท่าหลวง","Tha Luang",103
160702,15230,"แก่งผักกูด","Kaeng Phak Kut",103
160703,15230,"ซับจำปา","Sap Champa",103
160704,15230,"หนองผักแว่น","Nong Phak Waen",103
160705,15230,"ทะเลวังวัด","Thale Wang Wat",103
160706,15230,"หัวลำ","Hua Lam",103
160801,15240,"สระโบสถ์","Sa Bot",104
160802,15240,"มหาโพธิ","Maha Phot",104
160803,15240,"ทุ่งท่าช้าง","Thung Tha Chang",104
160804,15240,"ห้วยใหญ่","Huai Yai",104
160805,15240,"นิยมชัย","Niyom Chai",104
160901,15250,"โคกเจริญ","Khok Charoen",105
160902,15250,"ยางราก","Yang Rak",105
160903,15250,"หนองมะค่า","Nong Makha",105
160904,15250,"วังทอง","Wang Thong",105
160905,15250,"โคกแสมสาร","Khok Samae San",105
161001,15190,"ลำสนธิ","Lam Sonthi",106
161002,15190,"ซับสมบูรณ์","Sap Sombun",106
161003,15190,"หนองรี","Nong Ri",106
161004,15190,"กุดตาเพชร","Kut Ta Phet",106
161005,15190,"เขารวก","Khao Ruak",106
161006,15130,"เขาน้อย","Khao Noi",106
161101,15170,"หนองม่วง","Nong Muang",107
161102,15170,"บ่อทอง","Bo Thong",107
161103,15170,"ดงดินแดง","Dong Din Daeng",107
161104,15170,"ชอนสมบูรณ์","Chon Sombun",107
161105,15170,"ยางโทน","Yang Thon",107
161106,15170,"ชอนสารเดช","Chon Saradet",107
170101,16000,"บางพุทรา","Bang Phutsa",109
170102,16000,"บางมัญ","Bang Man",109
170103,16000,"โพกรวม","Phok Ruam",109
170104,16000,"ม่วงหมู่","Muang Mu",109
170105,16000,"หัวไผ่","Hua Phai",109
170106,16000,"ต้นโพธิ์","Ton Pho",109
170107,16000,"จักรสีห์","Chaksi",109
170108,16000,"บางกระบือ","Bang Krabue",109
170201,16130,"สิงห์","Sing",110
170202,16130,"ไม้ดัด","Mai Dat",110
170203,16130,"เชิงกลัด","Choeng Klat",110
170204,16130,"โพชนไก่","Pho Chon Kai",110
170205,16130,"แม่ลา","Mae La",110
170206,16130,"บ้านจ่า","Ban Cha",110
170207,16130,"พักทัน","Phak Than",110
170208,16130,"สระแจง","Sa Chaeng",110
170301,16150,"โพทะเล","Pho Thale",111
170302,16150,"บางระจัน","Bang Rachan",111
170303,16150,"โพสังโฆ","Pho Sangkho",111
170304,16150,"ท่าข้าม","Tha Kham",111
170305,16150,"คอทราย","Kho Sai",111
170306,16150,"หนองกระทุ่ม","Nong Krathum",111
170401,16120,"พระงาม","Phra Ngam",112
170402,16160,"พรหมบุรี","Phrom Buri",112
170403,16120,"บางน้ำเชี่ยว","Bang Nam Chiao",112
170404,16120,"บ้านหม้อ","Ban Mo",112
170405,16120,"บ้านแป้ง","Ban Paeng",112
170406,16120,"หัวป่า","Hua Pa",112
170407,16120,"โรงช้าง","Rong Chang",112
170501,16140,"ถอนสมอ","Thon Samo",113
170502,16140,"โพประจักษ์","Pho Prachak",113
170503,16140,"วิหารขาว","Wihan Khao",113
170504,16140,"พิกุลทอง","Phikun Thong",113
170601,16110,"อินทร์บุรี","In Buri",114
170602,16110,"ประศุก","Prasuk",114
170603,16110,"ทับยา","Thap Ya",114
170604,16110,"งิ้วราย","Ngio Rai",114
170605,16110,"ชีน้ำร้าย","Chi Nam Rai",114
170606,16110,"ท่างาม","Tha Ngam",114
170607,16110,"น้ำตาล","Namtan",114
170608,16110,"ทองเอน","Thong En",114
170609,16110,"ห้วยชัน","Huai Chan",114
170610,16110,"โพธิ์ชัย","Pho Chai",114
180101,17000,"ในเมือง","Nai Mueang",115
180102,17000,"บ้านกล้วย","Ban Kluai",115
180103,17000,"ท่าชัย","Tha Chai",115
180104,17000,"ชัยนาท","Chai Nat",115
180105,17000,"เขาท่าพระ","Khao Tha Phra",115
180106,17000,"หาดท่าเสา","Hat Tha Sao",115
180107,17000,"ธรรมามูล","Thammamun",115
180108,17000,"เสือโฮก","Suea Hok",115
180109,17000,"นางลือ","Nang Lue",115
180201,17110,"คุ้งสำเภา","Khung Samphao",116
180202,17110,"วัดโคก","Wat Khok",116
180203,17110,"ศิลาดาน","Sila Dan",116
180204,17110,"ท่าฉนวน","Tha Chanuan",116
180205,17170,"หางน้ำสาคร","Hang Nam Sakhon",116
180206,17170,"ไร่พัฒนา","Rai Phatthana",116
180207,17170,"อู่ตะเภา","U Taphao",116
180301,17120,"วัดสิงห์","Wat Sing",117
180302,17120,"มะขามเฒ่า","Makham Thao",117
180303,17120,"หนองน้อย","Nong Noi",117
180304,17120,"หนองบัว","Nong Bua",117
180305,0,"หนองมะโมง*","Nong Khun*",117
180306,17120,"หนองขุ่น","Bo Rae",117
180307,17120,"บ่อแร่","Wang Man",117
180308,0,"กุดจอก*","Good Jokk*",117
180309,0,"วังตะเคียน*","Wang Takean*",117
180310,0,"สะพานหิน*","Sapan Hin*",117
180311,17120,"วังหมัน","Wang Man",117
180401,17150,"สรรพยา","Sapphaya",118
180402,17150,"ตลุก","Taluk",118
180403,17150,"เขาแก้ว","Khao Kaeo",118
180404,17150,"โพนางดำตก","Pho Nang Dam Tok",118
180405,17150,"โพนางดำออก","Pho Nang Dam Ok",118
180406,17150,"บางหลวง","Bang Luang",118
180407,17150,"หาดอาษา","Hat Asa",118
180501,17140,"แพรกศรีราชา","Phraek Si Racha",119
180502,17140,"เที่ยงแท้","Thiang Thae",119
180503,17140,"ห้วยกรด","Huai Krot",119
180504,17140,"โพงาม","Pho Ngam",119
180505,17140,"บางขุด","Bang Khut",119
180506,17140,"ดงคอน","Dong Khon",119
180507,17140,"ดอนกำ","Don Kam",119
180508,17140,"ห้วยกรดพัฒนา","Huai Krot Phatthana",119
180601,17130,"หันคา","Hankha",120
180602,17130,"บ้านเชี่ยน","Ban Chian",120
180603,0,"เนินขาม*","Nern Kham*",120
180604,0,"สุขเดือนห้า*","Suk Dean Ha*",120
180605,17130,"ไพรนกยูง","Phrai Nok Yung",120
180606,17160,"หนองแซง","Nong Saeng",120
180607,17160,"ห้วยงู","Huai Ngu",120
180608,17130,"วังไก่เถื่อน","Wang Kai Thuean",120
180609,17130,"เด่นใหญ่","Den Yai",120
180610,0,"กะบกเตี้ย*","Kabok Tia*",120
180611,17160,"สามง่ามท่าโบสถ์","Sam Ngam Tha Bot",120
180701,17120,"หนองมะโมง","Nong Mamong",121
180702,17120,"วังตะเคียน","Wang Takhian",121
180703,17120,"สะพานหิน","Saphan Hin",121
180704,17120,"กุดจอก","Kut Chok",121
180801,17130,"เนินขาม","Noen Kham",122
180802,17130,"กะบกเตี้ย","Kabok Tia",122
180803,17130,"สุขเดือนห้า","Suk Duean Ha",122
190101,18000,"ปากเพรียว","Pak Phriao",123
190102,0,"หน้าพระลาน*","Na Phra Lan*",123
190103,0,"พุแค*","Phu Kae*",123
190104,0,"ห้วยบง*","Hauy Bong*",123
190105,18000,"ดาวเรือง","Dao Rueang",123
190106,18000,"นาโฉง","Na Chong",123
190107,18000,"โคกสว่าง","Khok Sawang",123
190108,18000,"หนองโน","Nong No",123
190109,18000,"หนองยาว","Nong Yao",123
190110,18000,"ปากข้าวสาร","Pak Khao San",123
190111,18000,"หนองปลาไหล","Nong Pla Lai",123
190112,18000,"กุดนกเปล้า","Kut Nok Plao",123
190113,18000,"ตลิ่งชัน","Taling Chan",123
190114,18000,"ตะกุด","Takut",123
190115,0,"บ้านแก้ง*","Baan Kang*",123
190116,0,"ผึ้งรวง*","Phueng Ruang*",123
190117,0,"เขาดินพัฒนา*","Kao Din Pattana*",123
190201,18110,"แก่งคอย","Kaeng Khoi",124
190202,18260,"ทับกวาง","Thap Kwang",124
190203,18110,"ตาลเดี่ยว","Tan Diao",124
190204,18110,"ห้วยแห้ง","Huai Haeng",124
190205,18110,"ท่าคล้อ","Tha Khlo",124
190206,18110,"หินซ้อน","Hin Son",124
190207,18110,"บ้านธาตุ","Ban That",124
190208,18110,"บ้านป่า","Ban Pa",124
190209,18110,"ท่าตูม","Tha Tum",124
190210,18110,"ชะอม","Cha-om",124
190211,18110,"สองคอน","Song Khon",124
190212,18110,"เตาปูน","Tao Pun",124
190213,18110,"ชำผักแพว","Cham Phak Phaeo",124
190215,18110,"ท่ามะปราง","Tha Maprang",124
190301,18140,"หนองแค","Nong Khae",125
190302,18140,"กุ่มหัก","Kum Hak",125
190303,18250,"คชสิทธิ์","Khotchasit",125
190304,18250,"โคกตูม","Khok Tum",125
190305,18230,"โคกแย้","Khok Yae",125
190306,18230,"บัวลอย","Bua Loi",125
190307,18140,"ไผ่ต่ำ","Phai Tam",125
190308,18250,"โพนทอง","Phon Thong",125
190309,18230,"ห้วยขมิ้น","Huai Khamin",125
190310,18230,"ห้วยทราย","Huai Sai",125
190311,18140,"หนองไข่น้ำ","Nong Khai Nam",125
190312,18140,"หนองแขม","Nong Khaem",125
860204,86140,"นากระตาม","Na Kratam",911
860205,86190,"รับร่อ","Rap Ro",911
860206,86140,"ท่าข้าม","Tha Kham",911
860207,86140,"หงษ์เจริญ","Hong Charoen",911
860208,86190,"หินแก้ว","Hin Kaeo",911
860209,86140,"ทรัพย์อนันต์","Sap Anan",911
860210,86140,"สองพี่น้อง","Song Phi Nong",911
860301,86160,"บางสน","Bang Song",912
860302,86160,"ทะเลทรัพย์","Thale Sap",912
860303,86230,"สะพลี","Saphli",912
860304,86160,"ชุมโค","Chum Kho",912
860305,86210,"ดอนยาง","Don Yang",912
860306,86210,"ปากคลอง","Pak Khlong",912
860307,86210,"เขาไชยราช","Khao Chai Rat",912
860401,86110,"หลังสวน","Lang Suan",913
860402,86110,"ขันเงิน","Khan Ngoen",913
860403,86110,"ท่ามะพลา","Tha Maphla",913
860404,86110,"นาขา","Na Kha",913
860405,86110,"นาพญา","Na Phaya",913
860406,86110,"บ้านควน","Ban Khuan",913
860407,86110,"บางมะพร้าว","Bang Maphrao",913
860408,86150,"บางน้ำจืด","Bang Nam Chuet",913
860409,86150,"ปากน้ำ","Pak Nam",913
860410,86110,"พ้อแดง","Pho Daeng",913
860411,86110,"แหลมทราย","Laem Sai",913
860412,86110,"วังตะกอ","Wang Tako",913
860413,86110,"หาดยาย","Hat Yai",913
860501,86170,"ละแม","Lamae",914
860502,86170,"ทุ่งหลวง","Thung Luang",914
860503,86170,"สวนแตง","Suan Taeng",914
860504,86170,"ทุ่งคาวัด","Thung Kha Wat",914
860601,86180,"พะโต๊ะ","Phato",915
860602,86180,"ปากทรง","Pak Song",915
860603,86180,"ปังหวาน","Pang Wan",915
860604,86180,"พระรักษ์","Phra Rak",915
860701,86130,"นาโพธิ์","Na Pho",916
860702,86130,"สวี","Sawi",916
860703,86130,"ทุ่งระยะ","Thung Raya",916
860704,86130,"ท่าหิน","Tha Hin",916
860705,86130,"ปากแพรก","Pak Phraek",916
860706,86130,"ด่านสวี","Dan Sawi",916
860707,86130,"ครน","Khron",916
860708,86130,"วิสัยใต้","Wisai Tai",916
860709,86130,"นาสัก","Na Sak",916
860710,86130,"เขาทะลุ","Khao Thalu",916
860711,86130,"เขาค่าย","Khao Khai",916
860801,86220,"ปากตะโก","Pak Tako",917
860802,86220,"ทุ่งตะไคร","Thung Takhrai",917
860803,86220,"ตะโก","Tako",917
860804,86220,"ช่องไม้แก้ว","Chong Mai Kaeo",917
900101,90000,"บ่อยาง","Bo Yang",918
900102,90000,"เขารูปช้าง","Khao Rup Chang",918
900103,90000,"เกาะแต้ว","Ko Taeo",918
900104,90100,"พะวง","Phawong",918
900105,90000,"ทุ่งหวัง","Thung Wang",918
900106,90100,"เกาะยอ","Ko Yo",918
900107,0,"*ชิงโค","*Ching Co",918
900108,0,"*สทิงหม้อ","*Sating Mor",918
900109,0,"*ทำนบ","*Tam Nop",918
900110,0,"*รำแดง","*Ram Dang",918
900111,0,"*วัดขนุน","*Wat Kanun",918
900112,0,"*ชะแล้","*Cha Lare",918
900113,0,"*ปากรอ","*Park Rore",918
900114,0,"*ป่าขาด","*Pa Khad",918
900115,0,"*หัวเขา","*Hua Khao",918
900116,0,"*บางเขียด","*Bang Keiad",918
900117,0,"*ม่วงงาม","*Mung Ngam",918
900188,0,"*ปากรอ","*Park Rore",918
900189,0,"*ทำนบ","*Tam Nop",918
900190,0,"*ชลเจริญ","*Chon Charoen",918
900191,0,"*ม่วงงาม","*Mung Ngam",918
900192,0,"*หัวเขา","*Hua Khao",918
900193,0,"*ชะแล้","*Cha Lare",918
900194,0,"*วัดขนุน","*Wat Kanun",918
900195,0,"*สทิงหม้อ","*Sating Mor",918
900196,0,"*บางเขียด","*Bang Keiad",918
900197,0,"*ป่าขาด","*Pa Khad",918
900198,0,"*รำแดง","*Ram Dang",918
900199,0,"*ชิงโค","*Ching co",918
900201,90190,"จะทิ้งพระ","Chathing Phra",919
900202,90190,"กระดังงา","Kradangnga",919
900203,90190,"สนามชัย","Sanam Chai",919
900204,90190,"ดีหลวง","Di Luang",919
900205,90190,"ชุมพล","Chumphon",919
900206,90190,"คลองรี","Khlong Ri",919
900207,90190,"คูขุด","Khu Khut",919
900208,90190,"ท่าหิน","Tha Hin",919
900209,90190,"วัดจันทร์","Wat Chan",919
900210,90190,"บ่อแดง","Bo Daeng",919
900211,90190,"บ่อดาน","Bor Dan",919
900301,90130,"บ้านนา","Ban Na",920
900302,90130,"ป่าชิง","Pa Ching",920
900303,90130,"สะพานไม้แก่น","Saphan Mai Kaen",920
900304,90130,"สะกอม","Sakom",920
900305,90130,"นาหว้า","Na Wa",920
900306,90130,"นาทับ","Na Thap",920
900307,90130,"น้ำขาว","Nam Khao",920
900308,90130,"ขุนตัดหวาย","Khun Tat Wai",920
900309,90130,"ท่าหมอไทร","Tha Mo Sai",920
900310,90130,"จะโหนง","Chanong",920
900311,90130,"คู","Khu",920
900312,90130,"แค","Khae",920
900313,90130,"คลองเปียะ","Khlong Pia",920
900314,90130,"ตลิ่งชัน","Taling Chan",920
900401,90160,"นาทวี","Na Thawi",921
900402,90160,"ฉาง","Chang",921
900403,90160,"นาหมอศรี","Na Mo Si",921
900404,90160,"คลองทราย","Khlong Sai",921
900405,90160,"ปลักหนู","Plak Nu",921
900406,90160,"ท่าประดู่","Tha Pradu",921
900407,90160,"สะท้อน","Sathon",921
900408,90160,"ทับช้าง","Thap Chang",921
900409,90160,"ประกอบ","Prakop",921
900410,90160,"คลองกวาง","Khlong Kwang",921
900501,90150,"เทพา","Thepha",922
900502,90150,"ปากบาง","Pak Bang",922
900503,90150,"เกาะสะบ้า","Ko Saba",922
900504,90260,"ลำไพล","Lam Phlai",922
900505,90260,"ท่าม่วง","Tha Muang",922
900506,90260,"วังใหญ่","Wang Yai",922
900507,90150,"สะกอม","Sakom",922
900601,90210,"สะบ้าย้อย","Saba Yoi",923
900602,90210,"ทุ่งพอ","Thung Pho",923
900603,90210,"เปียน","Pian",923
900604,90210,"บ้านโหนด","Ban Not",923
900605,90210,"จะแหน","Chanae",923
900606,90210,"คูหา","Khuha",923
900607,90210,"เขาแดง","Khao Daeng",923
900608,90210,"บาโหย","Ba Hoi",923
900609,90210,"ธารคีรี","Than Khiri",923
900701,90140,"ระโนด","Ranot",924
900702,90140,"คลองแดน","Khlong Daen",924
900703,90140,"ตะเครียะ","Takhria",924
900704,90140,"ท่าบอน","Tha Bon",924
900705,90140,"บ้านใหม่","Ban Mai",924
900707,90140,"ปากแตระ","Pak Trae",924
900708,90140,"พังยาง","Phang Yang",924
900709,90140,"ระวะ","Rawa",924
900710,90140,"วัดสน","Wat Son",924
900711,90140,"บ้านขาว","Ban Khao",924
900712,90140,"แดนสงวน","Daen Sa-nguan",924
900797,0,"*เชิงแส","*Cherng Sae",924
900798,0,"*โรง","*Rog",924
900799,0,"*เกาะใหญ่","*Koh Yai",924
900801,90270,"เกาะใหญ่","Ko Yai",925
900802,90270,"โรง","Rong",925
900803,90270,"เชิงแส","Choeng Sae",925
900804,90270,"กระแสสินธุ์","Krasae Sin",925
900901,90180,"กำแพงเพชร","Kamphaeng Phet",926
900902,90180,"ท่าชะมวง","Tha Chamuang",926
900903,90180,"คูหาใต้","Khuha Tai",926
900904,90180,"ควนรู","Khuan Ru",926
900905,0,"*ควนโส","*Khuan So",926
900906,0,"*รัตภูมิ","*Ratta Phoom",926
900907,0,"*บางเหรียง","*Bang Rieang",926
900908,0,"*ห้วยลึก","*Huay Lueg",926
900909,90180,"เขาพระ","Khao Phra",926
900996,0,"*บางเหรี่ยง","*Bang Rieang",926
900997,0,"*ห้วยลึก","*Huay Lueg",926
900998,0,"*ควนโส","*Khuan So",926
900999,0,"*รัตภูมิ","*Ratta Phoom",926
901001,90120,"สะเดา","Sadao",927
901002,90120,"ปริก","Prik",927
901003,90170,"พังลา","Phang La",927
901004,90120,"สำนักแต้ว","Samnak Taeo",927
901005,90240,"ทุ่งหมอ","Thung Mo",927
901006,90170,"ท่าโพธิ์","Tha Pho",927
901007,90240,"ปาดังเบซาร์","Padang Besa",927
901008,90320,"สำนักขาม","Samnak Kham",927
901009,90170,"เขามีเกียรติ","Khao Mi Kiat",927
901101,90110,"หาดใหญ่","Hat Yai",928
901102,90110,"ควนลัง","Khuan Lang",928
901103,90110,"คูเต่า","Khu Tao",928
901104,90110,"คอหงส์","Kho Hong",928
901105,90110,"คลองแห","Khlong Hae",928
901106,0,"คลองหอยโข่ง*","Klong Hoy Khong*",928
901107,90110,"คลองอู่ตะเภา","Khlong U Taphao",928
901108,90110,"ฉลุง","Chalung",928
901109,0,"ทุ่งลาน*","Thung Lan*",928
901110,0,"ท่าช้าง*","Tha Chang*",928
901111,90110,"ทุ่งใหญ่","Thung Yai",928
901112,90110,"ทุ่งตำเสา","Thung Tamsao",928
901113,90110,"ท่าข้าม","Tha Kham",928
901114,90110,"น้ำน้อย","Nam Noi",928
901115,0,"*บางกล่ำ","*Bang Klam",928
901116,90250,"บ้านพรุ","Ban Phru",928
901117,0,"*บ้านหาร","*Ban Harn",928
901118,90230,"พะตง","Phatong",928
901119,0,"*แม่ทอม","*Mae Tom",928
901121,0,"*โคกม่วง","*Kok Muang",928
901190,0,"*ทุ่งลาน","*Thung Lan",928
901191,0,"*คลองหอยโข่ง","*Klong Hoy Khong",928
901192,0,"*บ้านหาร","*Ban Harn",928
901193,0,"*แม่ทอม","*Mae Tom",928
901194,0,"*ท่าช้าง","*Tha Chang",928
901195,0,"*บางกล่ำ","*Bang Klam",928
901196,0,"*คลองหรัง","*Khlong Rhang",928
901197,0,"*ทุ่งขมิ้น","*Thung Khamin",928
901198,0,"*พิจิตร","*Phichit",928
901199,0,"*นาหม่อม","*Na Mom",928
901201,90310,"นาหม่อม","Na Mom",929
901202,90310,"พิจิตร","Phichit",929
901203,90310,"ทุ่งขมิ้น","Thung Khamin",929
901204,90310,"คลองหรัง","Khlong Rhang",929
901301,90220,"รัตภูมิ","Rattaphum",930
901302,90220,"ควนโส","Khuan So",930
901303,90220,"ห้วยลึก","Huai Luek",930
901304,90220,"บางเหรียง","Bang Rieang",930
901401,90110,"บางกล่ำ","Bang Klam",931
901402,90110,"ท่าช้าง","Tha Chang",931
901403,90110,"แม่ทอม","Mae Thom",931
901404,90110,"บ้านหาร","Ban Han",931
901501,90280,"ชิงโค","Ching Kho",932
901502,90280,"สทิงหม้อ","Sathing Mo",932
901503,90280,"ทำนบ","Thamnop",932
901504,90330,"รำแดง","Ram Daeng",932
901505,90330,"วัดขนุน","Wat Khanun",932
901506,90330,"ชะแล้","Chalae",932
901507,90330,"ปากรอ","Pak Ro",932
901508,90330,"ป่าขาด","Pa Khat",932
901509,90280,"หัวเขา","Hua Khao",932
901510,90330,"บางเขียด","Bang Khiat",932
901511,90330,"ม่วงงาม","Muang Ngam",932
901601,90230,"คลองหอยโข่ง","Khlong Hoi Khong",933
901602,90230,"ทุ่งลาน","Thung Lan",933
901603,90230,"โคกม่วง","Khok Muang",933
901604,90115,"คลองหลา","Khlong La",933
907701,0,"สำนักขาม*","Sumnak Kham*",934
910101,91000,"พิมาน","Phiman",936
910102,91000,"คลองขุด","Khlong Khut",936
910103,91000,"ควนขัน","Khuan Khan",936
910104,91140,"บ้านควน","Ban Khuan",936
910105,91140,"ฉลุง","Chalung",936
910106,91000,"เกาะสาหร่าย","Ko Sarai",936
910107,91000,"ตันหยงโป","Tanyong Po",936
910108,91000,"เจ๊ะบิลัง","Che Bilang",936
910109,91000,"ตำมะลัง","Tam Malang",936
910110,91000,"ปูยู","Puyu",936
910111,91140,"ควนโพธิ์","Khuan Pho",936
910112,91140,"เกตรี","Ketri",936
910199,0,"*ท่าแพ","*Tha Phae",936
910201,91160,"ควนโดน","Khuan Don",937
910202,91160,"ควนสตอ","Khuan Sato",937
910203,91160,"ย่านซื่อ","Yan Sue",937
910204,91160,"วังประจัน","Wang Prachan",937
910301,91130,"ทุ่งนุ้ย","Thung Nui",938
910302,91130,"ควนกาหลง","Khuan Kalong",938
910303,91130,"อุใดเจริญ","Udai Charoen",938
910304,0,"นิคมพัฒนา*","Nikhom Pattana*",938
910305,0,"ปาล์มพัฒนา*","Palm Pattana*",938
910401,91150,"ท่าแพ","Tha Phae",939
910402,91150,"แป-ระ","Paera",939
910403,91150,"สาคร","Sakhon",939
910404,91150,"ท่าเรือ","Tha Rua",939
910501,91110,"กำแพง","Kamphaeng",940
910502,91110,"ละงู","La-ngu",940
910503,91110,"เขาขาว","Khao Khao",940
910504,91110,"ปากน้ำ","Pak Nam",940
910505,91110,"น้ำผุด","Nam Phut",940
910506,91110,"แหลมสน","Laem Son",940
910601,91120,"ทุ่งหว้า","Thung Wa",941
910602,91120,"นาทอน","Na Thon",941
910603,91120,"ขอนคลาน","Khon Khlan",941
910604,91120,"ทุ่งบุหลัง","Thung Bulang",941
910605,91120,"ป่าแก่บ่อหิน","Pa Kae Bo Hin",941
910701,91130,"ปาล์มพัฒนา","Palm Phatthana",942
910702,91130,"นิคมพัฒนา","Nikhom Phatthana",942
920101,92000,"ทับเที่ยง","Thap Thiang",943
920102,0,"*โคกสะบ้า","*Kok Sa Ba",943
920103,0,"*ละมอ","*La Mo",943
920104,92000,"นาพละ","Na Phala",943
920105,92000,"บ้านควน","Ban Khuan",943
920106,92000,"นาบินหลา","Na Bin La",943
920107,92000,"ควนปริง","Khuan Pring",943
920108,92170,"นาโยงใต้","Na Yong Tai",943
920109,92000,"บางรัก","Bang Rak",943
920110,92000,"โคกหล่อ","Khok Lo",943
920111,0,"*นาข้าวเสีย","*Na Khao Sia",943
920112,0,"*นาหมื่นศรี","*Na Meun Sri",943
920113,92000,"นาโต๊ะหมิง","Na To Ming",943
920114,92000,"หนองตรุด","Nong Trut",943
920115,92000,"น้ำผุด","Nam Phut",943
920116,0,"*นาโยงเหนือ","*Na Yong Nua",943
920117,92000,"นาตาล่วง","Na Ta Luang",943
920118,92000,"บ้านโพธิ์","Ban Pho",943
920119,92190,"นาท่ามเหนือ","Na Tham Nuea",943
920120,92190,"นาท่ามใต้","Na Tham Tai",943
920121,0,"*ช่อง","*Chong",943
920194,0,"*นาข้าวเสีย","*Na Khao Sia",943
920195,0,"*โคกสะบ้า","*Kok Sa Ba",943
920196,0,"*ละมอ","*La Mo",943
920197,0,"*นาหมื่นศรี","*Na Meun Sri",943
920198,0,"*ช่อง","*Chong",943
920199,0,"*นาโยงเหนือ","*Na Yong Nua",943
920201,92110,"กันตัง","Kantang",944
920202,92110,"ควนธานี","Khuan Thani",944
920203,92110,"บางหมาก","Bang Mak",944
920204,92110,"บางเป้า","Bang Pao",944
920205,92110,"วังวน","Wang Won",944
920206,92110,"กันตังใต้","Kantang Tai",944
920207,92110,"โคกยาง","Khok Yang",944
920208,92110,"คลองลุ","Khlong Lu",944
920209,92110,"ย่านซื่อ","Yan Sue",944
920210,92110,"บ่อน้ำร้อน","Bo Nam Ron",944
920211,92110,"บางสัก","Bang Sak",944
920212,92110,"นาเกลือ","Na Kluea",944
920213,92110,"เกาะลิบง","Ko Libong",944
920214,92110,"คลองชีล้อม","Khlong Chi Lom",944
920301,92140,"ย่านตาขาว","Yan Ta Khao",945
920302,92140,"หนองบ่อ","Nong Bo",945
920303,92140,"นาชุมเห็ด","Na Chum Het",945
920304,92140,"ในควน","Nai Khuan",945
920305,92140,"โพรงจระเข้","Phrong Chorakhe",945
920306,92140,"ทุ่งกระบือ","Thung Krabue",945
920307,92140,"ทุ่งค่าย","Thung Khai",945
920308,92140,"เกาะเปียะ","Ko Pia",945
920401,92120,"ท่าข้าม","Tha Kham",946
920402,92180,"ทุ่งยาว","Thung Yao",946
920403,92180,"ปะเหลียน","Palian",946
920404,92140,"บางด้วน","Bang Duan",946
920405,0,"*หาดสำราญ","*Hat Samran",946
920406,0,"*ตะเสะ","*Ta Se",946
920407,92140,"บ้านนา","Ban Na",946
920408,0,"*บ้าหวี","*Ba Vee",946
920409,92120,"สุโสะ","Suso",946
920410,92180,"ลิพัง","Liphang",946
920411,92120,"เกาะสุกร","Ko Sukon",946
920412,92140,"ท่าพญา","Tha Phaya",946
920413,92180,"แหลมสอม","Laem Som",946
920501,92150,"บ่อหิน","Bo Hin",947
920502,92150,"เขาไม้แก้ว","Khao Mai Kaeo",947
920503,92150,"กะลาเส","Kalase",947
920504,92150,"ไม้ฝาด","Mai Fat",947
920505,92000,"นาเมืองเพชร","Na Mueang Phet",947
920595,0,"*ท่าสะบ้า","*Ta Sa Ba",947
920596,0,"*สิเกา","*Si Kao",947
920597,0,"*อ่าวตง","*Aow Tong",947
920598,0,"*วังมะปราง","*Wang Ma-Prang",947
920599,0,"*เขาวิเศษ","*Khao Wiset",947
920601,92130,"ห้วยยอด","Huai Yot",948
920602,92130,"หนองช้างแล่น","Nong Chang Laen",948
920603,0,"*หนองปรือ","*Nong Prue",948
920604,0,"*หนองบัว","*Nong Bua",948
920605,92210,"บางดี","Bang Di",948
920606,92210,"บางกุ้ง","Bang Kung",948
920607,92130,"เขากอบ","Khao Kop",948
920608,92130,"เขาขาว","Khao Khao",948
920609,92130,"เขาปูน","Khao Pun",948
920610,92190,"ปากแจ่ม","Pak Chaem",948
920611,92130,"ปากคม","Pak Khom",948
920612,0,"*คลองปาง","*Klong Pang",948
920613,0,"*ควนเมา","*Khuan Mao",948
920614,92130,"ท่างิ้ว","Tha Ngio",948
920615,92190,"ลำภูรา","Lamphu Ra",948
920616,92210,"นาวง","Na Wong",948
920617,92130,"ห้วยนาง","Huai Nang",948
920618,0,"*เขาไพร","*Khao Phrai",948
920619,92130,"ในเตา","Nai Tao",948
920620,92130,"ทุ่งต่อ","Thung To",948
920621,92210,"วังคีรี","Wang Khiri",948
920696,0,"*หนองปรือ","*Nong Prue",948
920697,0,"*หนองบัว","*Nong Bua",948
920698,0,"*คลองปาง","*Klong Pang",948
920699,0,"*ควนเมา","*Khuan Mao",948
920701,92220,"เขาวิเศษ","Khao Wiset",949
920702,92220,"วังมะปราง","Wang Maprang",949
920703,92220,"อ่าวตง","Ao Tong",949
920704,92000,"ท่าสะบ้า","Tha Saba",949
920705,92220,"วังมะปรางเหนือ","Wang Maprang Nuea",949
920801,92170,"นาโยงเหนือ","Na Yong Nuea",950
920802,92170,"ช่อง","Chong",950
920803,92170,"ละมอ","Lamo",950
920804,92170,"โคกสะบ้า","Khok Saba",950
920805,92170,"นาหมื่นศรี","Na Muen Si",950
920806,92170,"นาข้าวเสีย","Na Khao Sia",950
920901,92160,"ควนเมา","Khuan Mao",951
920902,92160,"คลองปาง","Khlong Pang",951
920903,92160,"หนองบัว","Nong Bua",951
920904,92130,"หนองปรือ","Nong Prue",951
920905,92160,"เขาไพร","Khao Phrai",951
921001,92120,"หาดสำราญ","Hat Samran",952
921002,92120,"บ้าหวี","Ba Wi",952
921003,92120,"ตะเสะ","Ta Se",952
930101,93000,"คูหาสวรรค์","Khuha Sawan",954
930102,0,"บ้านนา*","Ban Na*",954
930103,93000,"เขาเจียก","Khao Chiak",954
930104,93000,"ท่ามิหรำ","Tha Miram",954
930105,93000,"โคกชะงาย","Khok Cha-ngai",954
930106,93000,"นาท่อม","Na Thom",954
930107,93000,"ปรางหมู่","Prang Mu",954
930108,93000,"ท่าแค","Tha Khae",954
930109,93000,"ลำปำ","Lampam",954
930110,93000,"ตำนาน","Tamnan",954
930111,93000,"ควนมะพร้าว","Khuan Maphrao",954
930112,93000,"ร่มเมือง","Rom Mueang",954
930113,93000,"ชัยบุรี","Chai Buri",954
930114,93000,"นาโหนด","Na Not)",954
930115,93000,"พญาขัน","Phaya Khan",954
930116,0,"ลำสินธุ์*","Lum Sin*",954
930117,0,"อ่างทอง*","Angthong*",954
930118,0,"ชุมพล*","Chumpon*",954
930201,93180,"กงหรา","Kong Ra",955
930202,93000,"ชะรัด","Charat",955
930203,93180,"คลองเฉลิม","Khlong Chaloem",955
930204,93180,"คลองทรายขาว","Khlong Sai Khao",955
930205,93000,"สมหวัง","Som Wang",955
930301,93130,"เขาชัยสน","Khao Chaison",956
930302,93130,"ควนขนุน","Khuan Khanun",956
930303,0,"*ท่ามะเดื่อ","*Tha Ma Dua",956
930304,0,"*นาปะขอ","*Na Pa Kho",956
930305,93130,"จองถนน","Chong Thanon",956
930306,93130,"หานโพธิ์","Han Pho",956
930307,93130,"โคกม่วง","Khok Muang",956
930308,0,"*โคกสัก","*Kok Sak",956
930395,0,"*นาปะขอ","*Na Pa Kho",956
930396,0,"*คลองใหญ่","*Klong Yai",956
930397,0,"*ตะโหมด","*Ta Mot",956
930398,0,"*ท่ามะเดื่อ","*Tha Ma Dua",956
930399,0,"*แม่ขรี","*Mae Khri",956
930401,93160,"แม่ขรี","Mae Khari",957
930402,93160,"ตะโหมด","Tamod",957
930403,93160,"คลองใหญ่","Khlong Yai",957
930501,93110,"ควนขนุน","Khuan Khanun",958
930502,93150,"ทะเลน้อย","Thale Noi",958
930503,0,"*เกาะเต่า","*Koh Tao",958
930504,93110,"นาขยาด","Na Khayat",958
930505,93110,"พนมวังก์","Phanom Wang",958
930506,93110,"แหลมโตนด","Laem Tanot",958
930507,0,"*ป่าพะยอม","*Pa Phayom",958
930508,93110,"ปันแต","Pan Tae",958
930509,93110,"โตนดด้วน","Tanot Duan",958
930510,93110,"ดอนทราย","Don Sai",958
930511,93150,"มะกอกเหนือ","Makok Nuea",958
930512,93150,"พนางตุง","Phanang Tung",958
930513,93110,"ชะมวง","Chamuang",958
930514,0,"*บ้านพร้าว","*Ban Praow",958
930515,0,"*ลานข่อย","*Lan Koi",958
930516,93110,"แพรกหา","Phraek Ha",958
930596,0,"*คำไผ่","*Kham Pai",958
930597,0,"*คำเตย","*Kham Toei",958
930598,0,"*ส้มผ่อ","*Som Pho",958
930599,0,"*ป่าพะยอม","*Pa Phayom",958
930601,93120,"ปากพะยูน","Pak Phayun",959
930602,93120,"ดอนประดู่","Don Pradu",959
930603,93120,"เกาะนางคำ","Ko Nang Kham",959
930604,93120,"เกาะหมาก","Ko Mak",959
930605,93120,"ฝาละมี","Falami",959
930606,93120,"หารเทา","Han Thao",959
930607,93120,"ดอนทราย","Don Sai",959
930697,0,"*หนองแซง","*Nong Saeng",959
930698,0,"*โคกทราย","*Khok Sai",959
930699,0,"*ป่าบอน","*Pa Bon",959
930701,93190,"เขาย่า","Khao Ya",960
930702,93190,"เขาปู่","Khao Pu",960
930703,93190,"ตะแพน","Taphaen",960
930801,93170,"ป่าบอน","Pa Bon",961
930802,93170,"โคกทราย","Khok Sai",961
930803,93170,"หนองธง","Nong Thong",961
930804,93170,"ทุ่งนารี","Thung Nari",961
930806,93170,"วังใหม่","Wang Mai",961
930901,93140,"ท่ามะเดื่อ","Tha Maduea",962
930902,93140,"นาปะขอ","Na Pakho",962
930903,93140,"โคกสัก","Khok Sak",962
931001,93110,"ป่าพะยอม","Pa Phayom",963
931002,93110,"ลานข่อย","Lan Khoi",963
931003,93110,"เกาะเต่า","Ko Tao",963
931004,93110,"บ้านพร้าว","Ban Phrao",963
931101,93000,"ชุมพล","Chumphon",964
931102,93000,"บ้านนา","Ban Na",964
931103,93000,"อ่างทอง","Ang Thong",964
931104,93000,"ลำสินธุ์","Lam Sin",964
940101,94000,"สะบารัง","Sabarang",965
940102,94000,"อาเนาะรู","Ano Ru",965
940103,94000,"จะบังติกอ","Chabang Tiko",965
940104,94000,"บานา","Bana",965
940105,94000,"ตันหยงลุโละ","Tanyong Lulo",965
940106,94000,"คลองมานิง","Khlong Maning",965
940107,94000,"กะมิยอ","Kamiyo",965
940108,94000,"บาราโหม","Barahom",965
940109,94000,"ปะกาฮะรัง","Paka Harang",965
940110,94000,"รูสะมิแล","Ru Samilae",965
940111,94000,"ตะลุโบะ","Talubo",965
940112,94000,"บาราเฮาะ","Baraho",965
940113,94000,"ปุยุด","Puyut",965
940201,94120,"โคกโพธิ์","Khok Pho",966
940202,94120,"มะกรูด","Makrut",966
940203,94120,"บางโกระ","Bang Kro",966
940204,94120,"ป่าบอน","Pa Bon",966
940205,94120,"ทรายขาว","Sai Khao",966
940206,94180,"นาประดู่","Na Pradu",966
940207,94180,"ปากล่อ","Pak Lo",966
940208,94180,"ทุ่งพลา","Thung Phala",966
940209,0,"*แม่ลาน","*Mae Lan",966
940210,0,"*ป่าไร่","*Pa Rai",966
940211,94120,"ท่าเรือ","Tha Ruea",966
940212,0,"*ม่วงเตี้ย","*Muang Tia",966
940213,94120,"นาเกตุ","Na Ket",966
940214,94180,"ควนโนรี","Khuan Nori",966
940215,94120,"ช้างให้ตก","Chang Hai Tok",966
940301,94170,"เกาะเปาะ","Ko Po",967
940302,94170,"คอลอตันหยง","Kholo Tanyong",967
940303,94170,"ดอนรัก","Don Rak",967
940304,94170,"ดาโต๊ะ","Dato",967
940305,94170,"ตุยง","Tuyong",967
940306,94170,"ท่ากำชำ","Tha Kamcham",967
940307,94170,"บ่อทอง","Bo Thong",967
940308,94170,"บางเขา","Bang Khao",967
940309,94170,"บางตาวา","Bang Tawa",967
940310,94170,"ปุโละปุโย","Pulo Puyo",967
940311,94170,"ยาบี","Yabi",967
940312,94170,"ลิปะสะโง","Lipa Sa-ngo",967
940401,94130,"ปะนาเระ","Panare",968
940402,94130,"ท่าข้าม","Tha Kham",968
940403,94130,"บ้านนอก","Ban Nok",968
940404,94130,"ดอน","Don",968
940405,94190,"ควน","Khuan",968
940406,94130,"ท่าน้ำ","Tha Nam",968
940407,94130,"คอกกระบือ","Khok Krabue",968
940408,94130,"พ่อมิ่ง","Pho Ming",968
940409,94130,"บ้านกลาง","Ban Klang",968
940410,94130,"บ้านน้ำบ่อ","Ban Nam Bo",968
940501,94140,"มายอ","Mayo",969
940502,94140,"ถนน","Thanon",969
940503,94140,"ตรัง","Trang",969
940504,94140,"กระหวะ","Krawa",969
940505,94140,"ลุโบะยิไร","Lubo Yirai",969
940506,94190,"ลางา","La-nga",969
940507,94140,"กระเสาะ","Kra So",969
940508,94140,"เกาะจัน","Ko Chan",969
940509,94140,"ปะโด","Pado",969
940510,94140,"สาคอบน","Sakho Bon",969
940511,94140,"สาคอใต้","Sakho Tai",969
940512,94140,"สะกำ","Sakam",969
940513,94140,"ปานัน","Panan",969
940601,94140,"ตะโละแมะนา","Talo Mae Na",970
940602,94140,"พิเทน","Phithen",970
940603,94140,"น้ำดำ","Nam Dam",970
940604,94140,"ปากู","Paku",970
940701,94110,"ตะลุบัน","Taluban",971
940702,94110,"ตะบิ้ง","Tabing",971
940703,94110,"ปะเสยะวอ","Pase Yawo",971
940704,94110,"บางเก่า","Bang Kao",971
940705,94110,"บือเระ","Bue Re",971
940706,94110,"เตราะบอน","Tro Bon",971
940707,94110,"กะดุนง","Kadunong",971
940708,94110,"ละหาร","Lahan",971
940709,94110,"มะนังดาลำ","Manang Dalam",971
940710,94110,"แป้น","Paen",971
940711,94190,"ทุ่งคล้า","Thung Khla",971
940801,94220,"ไทรทอง","Sai Thong",972
940802,94220,"ไม้แก่น","Mai Kaen",972
940803,94220,"ตะโละไกรทอง","Talo Krai Thong",972
940804,94220,"ดอนทราย","Don Sai",972
940901,94150,"ตะโละ","Talo",973
940902,94150,"ตะโละกาโปร์","Talo Kapo",973
940903,94150,"ตันหยงดาลอ","Tanyong Dalo",973
940904,94190,"ตันหยงจึงงา","Tanyong Chueng-nga",973
940905,94150,"ตอหลัง","Tolang",973
940906,94150,"ตาแกะ","Ta Kae",973
940907,94150,"ตาลีอายร์","Tali-ai",973
940908,94150,"ยามู","Yamu",973
940909,94150,"บางปู","Bang Pu",973
940910,94150,"หนองแรต","Nong Raet",973
940911,94150,"ปิยามุมัง","Piya Mumang",973
940912,94150,"ปุลากง","Pula Kong",973
940913,94190,"บาโลย","Baloi",973
940914,94150,"สาบัน","Saban",973
940915,94150,"มะนังยง","Manang Yong",973
940916,94150,"ราตาปันยัง","Rata Panyang",973
940917,94150,"จะรัง","Charang",973
940918,94150,"แหลมโพธิ์","Laem Pho",973
941001,94160,"ยะรัง","Yarang",974
941002,94160,"สะดาวา","Sadawa",974
941003,94160,"ประจัน","Prachan",974
941004,94160,"สะนอ","Sano",974
941005,94160,"ระแว้ง","Rawaeng",974
941006,94160,"ปิตูมุดี","Pitu Mudi",974
941007,94160,"วัด","Wat",974
941008,94160,"กระโด","Krado",974
941009,94160,"คลองใหม่","Khlong Mai",974
941010,94160,"เมาะมาวี","Mo Mawi",974
941011,94160,"กอลำ","Kolam",974
941012,94160,"เขาตูม","Khao Tum",974
941101,94230,"กะรุบี","Karubi",975
941102,94230,"ตะโละดือรามัน","Talo Due Raman",975
941103,94230,"ปล่องหอย","Plong Hoi",975
941201,94180,"แม่ลาน","Mae Lan",976
941202,94180,"ม่วงเตี้ย","Muang Tia",976
941203,94180,"ป่าไร่","Pa Rai",976
950101,95000,"สะเตง","Sateng",977
950102,95000,"บุดี","Budi",977
950103,95000,"ยุโป","Yopo",977
950104,95160,"ลิดล","Lidon",977
950105,0,"*ปุโรง","*Pu Rong",977
950106,95000,"ยะลา","Yala",977
950107,0,"*สะเอะ","*Sa Ae",977
950108,95000,"ท่าสาป","Tha Sap",977
950109,95160,"ลำใหม่","Lam Mai",977
950110,95000,"หน้าถ้ำ","Na Tham",977
950111,95160,"ลำพะยา","Lam Phaya",977
950112,95000,"เปาะเส้ง","Po Seng",977
950113,0,"*กรงปินัง","*Krong Pi Nang",977
950114,95160,"พร่อน","Phron",977
950115,95000,"บันนังสาเรง","Bannang Sareng",977
950116,95000,"สะเตงนอก","Sateng Nok",977
950117,0,"*ห้วยกระทิง","*Hua Krating",977
950118,95000,"ตาเซะ","Ta Se",977
950201,95110,"เบตง","Betong",978
950202,95110,"ยะรม","Yarom",978
950203,95110,"ตาเนาะแมเราะ","Tano Maero",978
950204,95110,"อัยเยอร์เวง","Aiyoe Weng",978
950205,95110,"ธารน้ำทิพย์","Than Nam Thip",978
950301,95130,"บันนังสตา","Bannang Sata",979
950302,95130,"บาเจาะ","Bacho",979
950303,95130,"ตาเนาะปูเต๊ะ","Tano Pute",979
950304,95130,"ถ้ำทะลุ","Tham Thalu",979
950305,95130,"ตลิ่งชัน","Taling Chan",979
950306,95130,"เขื่อนบางลาง","Khuean Bang Lang",979
950397,0,"*แม่หวาด","*Mae Wad",979
950398,0,"*บ้านแหร","*Ban Rae",979
950399,0,"*ธารโต","*Tan To",979
950401,95150,"ธารโต","Than To",980
950402,95150,"บ้านแหร","Ban Rae",980
950403,95170,"แม่หวาด","Mae Wat",980
950404,95150,"คีรีเขต","Khiri Khet",980
950501,95120,"ยะหา","Yaha",981
950502,95120,"ละแอ","La-ae",981
950503,95120,"ปะแต","Patae",981
950504,95120,"บาโร๊ะ","Baro",981
950505,0,"*กาบัง","*Ka Bang",981
950506,95120,"ตาชี","Ta Chi",981
950507,95120,"บาโงยซิแน","Ba-ngoi Sinae",981
950508,95120,"กาตอง","Ka Tong",981
950509,0,"*บาละ","*Ba La",981
950599,0,"*กาบัง","*Ka Bang",981
950601,95140,"กายูบอเกาะ","Kayu Boko",982
950602,95140,"กาลูปัง","Kalupang",982
950603,95140,"กาลอ","Kalo",982
950604,95140,"กอตอตือร๊ะ","Koto Tuera",982
950605,95140,"โกตาบารู","Kota Baru",982
950606,95140,"เกะรอ","Kero",982
950607,95140,"จะกว๊ะ","Cha-kwa",982
950608,95140,"ท่าธง","Tha Thong",982
950609,95140,"เนินงาม","Noen Ngam",982
950610,95140,"บาลอ","Balo",982
950611,95140,"บาโงย","Ba-ngoi",982
950612,95140,"บือมัง","Buemang",982
950613,95140,"ยะต๊ะ","Yata",982
950614,95140,"วังพญา","Wang Phaya",982
950615,95140,"อาซ่อง","Asong",982
950616,95140,"ตะโล๊ะหะลอ","Talo Halo",982
950701,95120,"กาบัง","Kabang",983
950702,95120,"บาละ","Bala",983
950801,95000,"กรงปินัง","Krong Pinang",984
950802,95000,"สะเอะ","Sa-e",984
950803,95000,"ห้วยกระทิง","Huai Krathing",984
950804,95000,"ปุโรง","Purong",984
960101,96000,"บางนาค","Bang Nak",985
960102,96000,"ลำภู","Lam Phu",985
960103,96000,"มะนังตายอ","Manang Tayo",985
960104,96000,"บางปอ","Bang Po",985
960105,96000,"กะลุวอ","Kaluwo",985
960106,96000,"กะลุวอเหนือ","Kaluwo Nuea",985
960107,96000,"โคกเคียน","Khok Khian",985
960201,96110,"เจ๊ะเห","Chehe",986
960202,96110,"ไพรวัน","Phrai Wan",986
960203,96110,"พร่อน","Phron",986
960204,96110,"ศาลาใหม่","Sala Mai",986
960205,96110,"บางขุนทอง","Bang Khun Thong",986
960206,96110,"เกาะสะท้อน","Ko Sathon",986
960207,96110,"นานาค","Na Nak",986
960208,96110,"โฆษิต","Khosit",986
960301,96170,"บาเจาะ","Bacho",987
960302,96170,"ลุโบะสาวอ","Lubo Sawo",987
960303,96170,"กาเยาะมาตี","Kayo Mati",987
960304,96170,"ปะลุกาสาเมาะ","Paluka Samo",987
960305,96170,"บาเระเหนือ","Bare Nuea",987
960306,96170,"บาเระใต้","Ba Re Tai",987
960401,96180,"ยี่งอ","Yi-ngo",988
960402,96180,"ละหาร","Lahan",988
960403,96180,"จอเบาะ","Chobo",988
960404,96180,"ลุโบะบายะ","Lubo Baya",988
960405,96180,"ลุโบะบือซา","Lubo Buesa",988
960406,96180,"ตะปอเยาะ","Tapoyo",988
960501,96130,"ตันหยงมัส","Tanyong Mat",989
960502,96130,"ตันหยงลิมอ","Tanyong Limo",989
960503,0,"*จวบ","*Chuab",989
960504,0,"*มะรือโบตะวันออก","*Ma Rue Bo Ta Wan Ok",989
960505,0,"*บูกิต","*Bu Kit",989
960506,96220,"บองอ","Bo-ngo",989
960507,96130,"กาลิซา","Kalisa",989
960508,96130,"บาโงสะโต","Ba-ngo Sato",989
960509,96130,"เฉลิม","Chaloem",989
960510,96130,"มะรือโบตก","Maruebo Tok",989
960598,0,"*ดุซงญอ","*Du Song Yow",989
960599,0,"*จะแนะ","*Cha Nae",989
960601,96150,"รือเสาะ","Rueso",990
960602,96150,"สาวอ","Sawo",990
960603,96150,"เรียง","Riang",990
960604,96150,"สามัคคี","Samakkhi",990
960605,96150,"บาตง","Batong",990
960606,96150,"ลาโละ","Lalo",990
960607,96150,"รือเสาะออก","Rueso Ok",990
960608,96150,"โคกสะตอ","Khok Sato",990
960609,96150,"สุวารี","Suwari",990
960698,0,"*ตะมะยูง","*Ta Ma Yung",990
960699,0,"*ซากอ","*Sa Kor",990
960701,96210,"ซากอ","Sako",991
960702,96210,"ตะมะยูง","Tamayung",991
960703,96210,"ศรีสาคร","Si Sakhon",991
960704,96210,"เชิงคีรี","Choeng Khiri",991
960705,96210,"กาหลง","Kalong",991
960706,96210,"ศรีบรรพต","Si Banphot",991
960801,96160,"แว้ง","Waeng",992
960802,96160,"กายูคละ","Kayu Khla",992
960803,96160,"ฆอเลาะ","Kholo",992
960804,96160,"โละจูด","Lochut",992
960805,96160,"แม่ดง","Mae Dong",992
960806,96160,"เอราวัณ","Erawan",992
960899,0,"*มาโม","*Ma Mo",992
960901,96190,"มาโมง","Mamong",993
960902,96190,"สุคิริน","Sukhirin",993
960903,96190,"เกียร์","Kia",993
960904,96190,"ภูเขาทอง","Phukhao Thong",993
960905,96190,"ร่มไทร","Rom Sai",993
961001,96120,"สุไหงโก-ลก","Su-ngai Kolok",994
961002,96120,"ปาเสมัส","Pase Mat",994
961003,96120,"มูโนะ","Muno",994
961004,96120,"ปูโยะ","Puyo",994
961101,96140,"ปะลุรู","Paluru",995
961102,96140,"สุไหงปาดี","Su-ngai Padi",995
961103,96140,"โต๊ะเด็ง","To Deng",995
961104,96140,"สากอ","Sako",995
961105,96140,"ริโก๋","Riko",995
961106,96140,"กาวะ","Ka Wa",995
961201,96220,"จะแนะ","Chanae",996
961202,96220,"ดุซงญอ","Dusong Yo",996
961203,96220,"ผดุงมาตร","Phadung Mat",996
961204,96220,"ช้างเผือก","Chang Phueak",996
961301,96130,"จวบ","Chuap",997
961302,96130,"บูกิต","Bukit",997
961303,96130,"มะรือโบออก","Maruebo Ok",997
380101,38000,"คำนาดี","Kham Na Di",999
380102,38000,"บึงโขงหลง","Bueng Khong Long",999
380103,38000,"ไคสี","Khai Si",999
380104,38000,"ชัยพร","Chaiyaphon",999
380105,38000,"นาสวรรค์","Na Sawan",999
380106,38000,"โนนสมบูรณ์","Non Sombun",999
380107,38000,"บึงกาฬ","Bueng Kan",999
380108,38000,"โป่งเปื่อย","Pong Pueai",999
380109,38000,"วิศิษฐ์","Wisit",999
380110,38000,"หนองเข็ง","Nong Keng",999
380111,38000,"หนองเลิง","Nong Loeng",999
380112,38000,"หอคำ","Ho Kham",999
380201,38150,"ซาง","Sang",1000
380202,38150,"เซกา","Seka",1000
380203,38150,"ท่ากกแดง","Tha Kok Daeng",1000
380204,38150,"ท่าสะอาด","Tha Sa-at",1000
380205,38150,"น้ำจั้น","Nam Chan",1000
380206,38150,"บ้านต้อง","Ban Tong",1000
380207,38150,"ป่งไฮ","Pong Hai",1000
380208,38150,"โสกก่าม","Sok Kam",1000
380209,38150,"หนองทุ่ม","Nong Thum",1000
380301,38170,"คำแก้ว","Kham Kaeo",1001
380302,38170,"โซ่","So",1001
380303,38170,"ถ้ำเจริญ","Tham Charoen",1001
380304,38170,"บัวตูม","Bua Tum",1001
380305,38170,"ศรีชมภู","Si Chomphu",1001
380306,38170,"หนองพันทา","Nong Phan Tha",1001
380307,38170,"เหล่าทอง","Lao Thong",1001
380401,38180,"ดอนหญ้านาง","Don Ya Nang",1002
380402,38180,"ป่าแฝก","Pa Faek",1002
380403,38180,"พรเจริญ","Phon Charoen",1002
380404,38180,"วังชมภู","Wang Chomphu",1002
380405,38180,"ศรีชมภู","Si Chomphu",1002
380406,38180,"ศรีสำราญ","Si Samran",1002
380407,38180,"หนองหัวช้าง","Nong Hua Chang",1002
380501,38210,"ชุมภูพร","Chumphu Phon",1003
380502,38210,"นาสะแบง","Na Sabaeng",1003
380503,38210,"นาสิงห์","Na Sing",1003
380504,38210,"นาแสง","Na Saeng",1003
380505,38210,"ศรีวิไล","Si Wilai",1003
380601,38220,"ดงบัง","Dong Bang",1004
380602,38220,"ท่าดอกคำ","Tha Dok Kham",1004
380603,38220,"บึงโขงหลง","Bueng Khong Long",1004
380604,38220,"โพธิ์หมากแข้ง","Pho Mak Khaeng",1004
380701,38190,"นากั้ง","Na Kang",1005
380702,38190,"นาดง","Na Dong",1005
380703,38190,"โนนศิลา","Non Sila",1005
380704,38190,"ปากคาด","Pak Khat",1005
380705,38190,"สมสนุก","Som Sanuk",1005
380706,38190,"หนองยอง","Nong Yong",1005
380801,38000,"โคกกว้าง","Khok Kwang",1006
380802,38000,"บุ่งคล้า","Bung Khla",1006
380803,38000,"หนองเดิน","Nong Doen",1006
